Promoter Name,Category,Gene,Downstream essential genes,Length (bp),GC Ratio,Log10 Fold Change,Compensated log10 Fold Change,SD of WT,SD of MT,Compensated SD of WT,Compensated SD of MT,MVprm,Sequence,Transcriptional Regulators,Number of activation,Number of inhibition,Expression level of WT,Expression level of MT
NPacpP,Ess,acpP,fabD;fabG;acpP,393,0.44,-0.082,0.0410212747122734,0.14377766004311746,0.6205225311684275,0.03556829516184781,0.4984272602948393,0.4628589651329915,ggttgcattcctggcatccgacgaagcagcttacatcacgggtgaaactttgcatgtgaacggcgggatgtacatggtctgaccgcgatttgcacaaaatgctcatgttgcgcgcagtctgcgtggttatgagtaataattagtgcaaaatgatttgcgttattggggggtaaggcctcaaaataacgtaaaatcgtggtaagacctgccgggatttagttgcaaatttttcaacattttatacactacgaaaaccatcgcgaaagcgagttttgataggaaatttaagagtatgagcactatcgaagaacgcgttaagaaaattatcggcgaacagctgggcgttaagcaggaagaagttaccaacaatgcttctttcgttgaagacctggg,RpoD,1,0,3.97,3.89
NPbtuB,Ess,btuB,murI,530,0.483,-0.092,-0.13448360586842506,0.3568785963083318,0.4987091717405443,-0.007003964353447856,0.11923471185995682,0.12623867621340468,ggtcagaaaacggtgccatcatactttgcaaacgtaccactttttcggctaactgcgcttcatactgttctgttggaaggtgttcgggggtcatgatgtatcctgaaaaattaaagtacgcggcgattgtagggattgctcatcagatgtccagatcttgatgaattcctatttgtgagctacgtctggacagtaacttgttacaacctgtagcatccacttgccggtcctgtgagttaatagggaatccagtgcgaatctggagctgacgcgcagcggtaaggaaaggtgcgatgattgcgttatgcggacactgccattcggtgggaagtcatcatctcttagtatcttagatacccctccaagcccgaagacctgccggccaacgtcgcatctggttctcatcatcgcgtaatattgatgaaacctgcggcatccttcttctattgtggatgctttacaatgattaaaaaagcttcgctgctgacggcgtgttccgtcacggcattttccgcttgggcacaggatac,GadX;RpoD,1,1,2.46,2.36
NPcca,Ess,cca,cca,215,0.502,0.03,0.015947804574057086,0.3648462589445456,0.4654267642458924,0.04422502641377685,0.14987769628310732,0.10565266986933047,cttgctgctcggtctggtactgccgcacctgatcccaagccgcaaacgcaaagatcgctggatgaactaaatcgccttcttcgttgcactgtcttattattaggaattgtgtatttgacgaagggatgatggcgtgaagatttatctggtcggtggtgctgttcgggatgcattgttagggctaccggtcaaagacagagattgggtggtggtcg,RpoE,1,0,2.71,2.74
NPcysS,Ess,cysS,cysS,348,0.44,-0.156,-0.12603677623267268,0.202473902314511,0.3889080065336375,-0.05076439740855809,0.10942401183900224,0.16018840924756034,gcggcagtagtccaggaagtttttaactgtttcaggtgctttatcgtcaaaagttttgatgacaatatcgccgtgattggtgtggaaagtaaccatttttgcatcctgttccgtttgattggtgcttcaacccagttcgggtcatatatagggtggtgttatagcataaccgcacgatcggatcatcacgcaatgtatgctgattcgcgcgggaaatatgggtattatacgcaactcaattacccacacatgtctaaacggaatcttcgatgctaaaaatcttcaatactctgacacgccaaaaagaggaatttaagcctattcacgccggggaagtcggcatgtacg,NA,NA,NA,3.11,2.96
NPdfp,Ess,dfp,dfp,274,0.467,-0.11,-0.14601632173034268,0.40545913161418473,0.4929574084264696,0.05041092404287584,0.11940655810542722,0.06899563406255138,agcagctcgacatccgttaaggcgctaataccaaacttcagcattttttcgcgcggcatcaacagctgtgaattgtttttcaccttcacctcctttgtggtgctcgcatcctgtcatagccgtttcgttaaatcgacggccagttttcaatcctggaaagcgcctcgcaaagtgaatctcaggtgaaggcacgacaacaaaagtattgtgataaaatcgccaacttctggtgtcaccctacaggaaaaatcatcatgagcctggccggtaaaaa,NA,NA,NA,2.51,2.4
NPfabZ,Ess,fabZ,lpxD;fabZ;lpxA;lpxB;dnaE,283,0.442,-0.084,-0.08581641463993023,0.18248585446682605,0.3833231525054541,-0.11913918848078445,0.06752255067821478,0.18666173915899922,aaccgctgcactggtgatgaacattgatgacatgagcaagcgtctgaaatcgcttgagcgcaaggttaatcaacaagactaacgttccatcttttgttcgccaaactttacggcctgtctcattcttacgattgcggcaggccgtgttattattgtcgtttcttatattttgacaggaagagtatcttgactactaacactcatactctgcagattgaagagattttagaacttctgccgcaccgtttcccgttcttactggtggatcgcgtgctggattttg,CpxR;GadE;RpoE,3,0,2.82,2.74
NPfolA,Ess,folA,folA,355,0.476,-0.19,-0.10199506132986819,0.11643899367492697,0.3536537355175035,-0.046434188998893816,0.158726797457105,0.2051609864559988,gcagggaaccgaagaaggtaaacataccggcaacatggcggatgaaccggaaacgaaaccctcatcctaataaagagtgacgtaaatcacactttacagctaactgtttgtttttgtttcattgtaatgcggcgagtccagggagagagcgtggactcgccagcagaatataaaattttcctcaacatcatcctcgcaccagtcgacgacggtttacgctttacgtatagtggcgacaattttttttatcgggaaatctcaatgatcagtctgattgcggcgttagcggtagatcgcgttatcggcatggaaaacgccatgccgtggaacctgcctgccgatctcgcctggttta,IHF;TyrR;RpoD,3,0,3.65,3.46
NPfrr,Ess,frr,frr,452,0.471,-0.129,-0.054396381654711,0.1345492683904832,0.32478919782956517,-0.04858203879196765,0.11984857871446031,0.16843061750642796,tatgaacaaaccgggtgcgctgcgccgtgtggtaatgggtgaaaaagaagggactttaatcacggaataattcccgtgatggataaataagggtaagattccgcgtaagtatcgcgggggcgtaagtctggttataaggcgttattgttgcaggcagtttggtcacggccagcgcgcagcaaccggagcgtacaaaagtacgtgaggatggcgagcactgcccggggccaaaatggcaaataaaatagcctaataatccagacgattacccgtaatatgtttaatcagggctatacttagcacacttccactgtgtgtgactgtctggtctgactgagacaagttttcaaggattcgtaacgtgattagcgatatcagaaaagatgctgaagtacgcatggacaaatgcgtagaagcgttcaaaacccaaatcagcaaaatacgcacgggtc,RpoD,1,0,3.53,3.4
NPgmk,Ess,gmk,gmk,382,0.476,-0.039,0.0527185427784041,0.23237123502847817,0.6224831239876834,0.07577916687977698,0.4592612497394064,0.3834820828596294,agaccgcccacacagatgattgccagcacaagatacctattaatatcgccatccatactttcatcatcacctccgctgtagatagtcaggcagatatacaacgtgatgaaagcaaagccgagtggcaaaaacggagtctgcgaggacgcttcctgaaaatcgtctttattgcagtgaatgacaggcaaatgcggaagcagctacgcaaaacgcaacaactttgcgcaaaaagtgtgagcaagggctacgtcacatggccgcgccgtgtataataagctcgtatgtaggctttatttcgctaatcacatacgaaagatactcatggctcaaggcacgctttatattgtttctgcccccagtggcgcgggtaaatccagcctga,RpoD,1,0,3.68,3.65
NPhemH,Ess,hemH,hemH,404,0.507,-0.116,-0.13723725907229828,0.37668117921803207,0.5601670603196889,0.04486248283425687,0.20879126714322327,0.1639287843089664,caaagaagcagaagcgggtaataccaaatacgcgaaagttgacggcaccaagccggttgctgaagttcgcgctgatctggaaaaaatcctcggctaattcgaaagcgcgcacggacagtcccctcgccccctcggggagagggttagggtgaggggaacaggcccgcacaagcaaacttatcagcaatctcaggccggatattcattcggccttttacaaaaacctcaatctgcgctattcctttttctgatttgacctctcacagcaattagttcttcttcctcacttttccgctacaattatcaacaagttgaatcgataagaggcggtaatgcgtcagactaaaaccggtatcctgctggcaaacctgggtacgcccgatgcccccacacctgaagcggta,OxyR;RpoD,2,0,2.65,2.53
NPlolC,Ess,lolC,lolC;lolD;lolE,441,0.442,0.034,-0.00498973573515344,0.32277083541353924,0.5170433156300244,-0.03621252428388361,0.16378675694905465,0.19999928123293825,ggtcagatgcggataaaaggtaatgaccgagtgataaatcaccaccagacaaatacataaccctttgatctggttaatccatagctctttttgtttcatcaggacaacacgctcttttttaatttacatgcggttgatcctgcgggttatgacccgaggtgtaatgggtatctgtctgtattggatgatttttcagattaagatcaggcggcaagattgatgataaaacatggcaatttagccgattgatttacgggggcttttcagattagccctgacgatcacttacagttcagacgtttacccatcttgctttcgcttatatactcgtgtctttgctacagcaaccagacggatttcatgtaccaacctgtcgctctatttattggcctgcgttacatgcgtgggcgtgcagcggatcgcttcggtcgtttcgtctcc,NA,NA,NA,2.49,2.52
NPlpxC,Ess,lpxC,ftsL;ftsI;murE;murF;mraY;murD;ftsW;murG;murC;ftsQ;ftsA;ftsZ;lpxC,288,0.476,-0.22,-0.0391606848549127,0.18175269333694288,0.44342634690824734,0.16269039595724366,0.3872141347201188,0.22452373876287512,agccggttgctaaagtcgtgaatgacaatgcgccgcaaactgcgaaagagccggattatctggatatcccagcattcctgcgtaagcaagctgattaagaattgactggaatttgggtttcgaggctctttgtgctaaactggcccgccgaatgtatagtacacttcggttggataggtaatttggcgagataatacgatgatcaaacaaaggacacttaaacgtatcgttcaggcgacgggtgtcggtttacataccggcaagaaagtcaccctgacgttacgccct,LexA;MraZ;PdhR;RpoD,1,3,4.5,4.28
NPmetG,Ess,metG,metG,248,0.431,-0.152,-0.06879827064294775,0.1458433059031963,0.3308157064457258,-0.024388548373487667,0.13493579473949824,0.1593243431129859,cgcaaggcttctggtgatttggcctgggattgttcgttcatcccgactccttttttgtatagataaaccatcagctgatagtttacctgaagaatatagagaagtacttacttaacattttcccatttggtactatctaaccccttttcactattaagaagtaatgcctactatgactcaagtcgcgaagaaaattctggtgacgtgcgcactgccgtacgctaacggctcaatccacctcggccata,RpoD,1,0,3.6,3.45
NPmviN,Ess,mviN,mviN,280,0.536,0.011,-0.04926887734837516,0.3989661885573066,0.49603811734920294,0.006593867483719207,0.10556514190792998,0.09897127442421078,agacagttccgcaaaccgccggcgaacaggccgtgctggcgcaacgtatcgttgacaagatctggcgcgatgcgatgagtgaataaaccctgtaacatctggcggtagcaattcaccataatccaggtagactattcgcctctttcagcgcctgccttgcaggcgttttgcccgtgggtctggattagaacaccgatgaatttattaaaatcgctggccgccgtcagctcgatgaccatgttttcgcgtgtgcttggcttcgcacgagacgcaattgtcg,NA,NA,NA,2.29,2.3
NPrpsA,Ess,rpsA,rpsA,294,0.469,-0.219,-0.14505411018433034,0.18589424317924144,0.4619394423419077,0.0016262343850447503,0.24068669932367864,0.2390604649386339,ggcagccgatgctttagtgttggattccaccaccttaagcattgagcaagtgattgaaaaagcgctacaatacgcgcgccagaaattggctctcgcataagcgaccgaatttgcagtacccccgttgcaatggaatgacagcgggtatgttaaacaaccccatccggcatggagccaggtggacgttaaatataaacctgaagattaaacatgactgaatcttttgctcaactctttgaagagtccttaaaagaaatcgaaacccgcccgggttctatcgttcgtggcgttgtt,RpoD,1,0,3.52,3.3
NPskp,Ess,skp,lpxD;fabZ;lpxA;lpxB;dnaE,295,0.475,-0.151,-0.04839960351600936,0.1311546433258617,0.4185917368242914,-0.008546839628328362,0.2533516302254515,0.26189846985377985,tgttctcctacgcccagccgttcaaaaagtacgatggagacaaggcagaacagttccagtttaacatcggtaaaacctggtaagtgttctccacaaaggaatgtagtggtagtgtagcgatgactttaggcgatcaatataagatcgccgggccacgcaaagaactgcaccctccggtgcaaatgggatggtaaggagtttattgtgaaaaagtggttattagctgcaggtctcggtttagcactggcaacttctgctcaggcggctgacaaaattgcaatcgtcaacatgggca,CpxR;GadE;RpoE,3,0,3.78,3.63
NPtilS,Ess,tilS,tilS,238,0.542,0.15,0.036786978328511466,0.488514877842744,0.5911985749258905,0.014570564832885158,0.14258191407539023,0.12801134924250507,ccatccgtgtcgatccatacacgcaaaaacgcttcaccttctttaacgatccggacgggctgccgttggaactgtatgagcagtaaggcttgtcatcgccgcatttgcccggtaacgtgccgggcattgctactgtaaaatcgcaccatcatgacactcacgctcaatagacaacttctcacctcacgccagattctggtggcctttagcggcgggcttgactccaccgttctgctgc,NA,NA,NA,1.8,1.95
NPyidC,Ess,yidC,yidC,372,0.53,-0.156,-0.1383764263499176,0.15673145738212288,0.39962185651748056,-0.11478490726692794,0.10177280044857695,0.2165577077155049,ccgacctcgataaccgtgctctctcggaagcgttggaaaaattatggcgccgccactgtcgcctggctcgcgggtcctgatagccctcattcgggtctatcaacgcctgattagtccgctactcgggccgcattgtcgtttcactccaacctgttcaagctacggaattgaggcattgcgcaggtttggagtgataaaaggcagttggttgacggtgaaacgcgtattaaaatgccaccctttacaccctggtggtgacgatcccgtcccgcccggaccatttgataccagagaacactaacgatggattcgcaacgcaatcttttagtcatcgctttgctgttcgtgtctttcatgatctggcaagcctgg,NA,NA,NA,3,2.85
NPadd,Nes,add,NA,270,0.47,0.145,0.14052783818456366,0.40184884605336824,0.5547875513021705,0.0962216142544236,0.2736198457186109,0.17739823146418732,aggtcgtggttttgtccgtctcaatgccggctgcccacgttcgaaactggaaaaaggtgtggctggattaattaacgccatccgcgctgttcgttaaccccaattgcgcaacgtaaaaaatcgttgcgcaatcgtggatttttaccctgctttgtttttataatggtgcgcacttttatatccagaaaaagagtgcgaccatgattgataccaccctgccattaactgatatccatcgccaccttgatggcaacattcgtccccagacca,RbsR;RpoD,2,0,2.8,2.95
NPbioB,Nes,bioB,NA,256,0.457,0.059,0.10582292381751934,0.2516736598235484,0.36601580807010387,0.02508831823894153,0.14940395638281218,0.12431563814387064,ataaaccggcagaggggaggtcatggatgtgtatgggtgccagatatggcgttggtcaaaggcaagatcgtccgttgtcataatcgacttgtaaaccaaattgaaaagatttaggtttacaagtctacaccgaattaacaacaaaaaacacgttttggagaagccccatggctcaccgcccacgctggacattgtcgcaagtcacagaattatttgaaaaaccgttgctggatctgctgtttgaagcgcagcaggt,BirA;RpoD,1,1,3.27,3.33
NPclpX,Nes,clpX,NA,245,0.539,-0.221,-0.12926839206960436,0.163585205067203,0.37379378558228615,0.006859696863682735,0.17974068240568108,0.17288098554199835,tgaacgtgataccgagcgcgatcgcttcctttccgcccctgaagcggtggaatacggtctggtcgattcgattctgacccatcgtaattgatgccagaggcgcaactgtgccgctatacttatccagggcggcacaacgctgtaagcggcttgcgcctgagaatggcatttgcgtcgtcgtgtgcggcacaaagaacaaagaagaggttttgacccatgacagataaacgcaaagatggctcagg,RpoE;RpoH;RpoD,3,0,3.68,3.46
NPcrp,Nes,crp,NA,480,0.496,-0.052,0.025296663488476645,0.13108833458970934,0.3930996338089467,-0.04840143556972212,0.2048521007094684,0.25325353627919056,cctgagttgccgtccattaaaatctgatgaccagaggcggattcgcccagaaaagttaacccttcgacccacttcactcgcgcttgcatttttgctactccactgcgtcaattttcctgacagagtacgcgtactaaccaaatcgcgcaacggaaggcgacctgggtcatgctgaagcgagacaccaggagacacaaagcgaaagctatgctaaaacagtcaggatgctacagtaatacattgatgtactgcatgtatgcaaaggacgtcacattaccgtgcagtacagttgatagccccttcccaggtagcgggaagcatatttcggcaatccagagacagcggcgttatctggctctggagaaagcttataacagaggataaccgcgcatggtgcttggcaaaccgcaaacagacccgactctcgaatggttcttgtctcattgccacattcataagtacccatccaagagcacgctt,Cra;Fis;RpoD;CRP,3,2,3.55,3.5
NPdapF,Nes,dapF,NA,566,0.481,-0.147,-0.10384501151665718,0.13873846769809992,0.433838122376976,-0.0936996011918674,0.17662866013061213,0.27032826132247956,tttaccgagcgagcatcctcacgctgacggaactaaaaaagacaacaaacaaaccacattgcgatagtgcataaagccatcctggcgcgaggtgccgatcacgaaactaccagcaaaacataaatccccacgagtaagcgttatactcgcagcatttcctcacttttcagacttcataaagagtcgctaaacgcttgcttttacgtcttctcctgcgatgatagaaagcagaaagcgatgaactttacaggcaatccataatgaaaaacgtgtttaaggcactcactgtattacttactctcttcagcctgacgggctgcggtctgaaaggtccgctctatttcccgcctgcagataaaaacgcaccgccgccgaccaaaccggtagagacgcaaacgcaatccacggtgccggataaaaacgatcgcgccactggcgatggtccatcccaggtgaattactaaaagtcagtttctgtacccgcgtgattggagtaaatgatgcagttctcgaaaatgcatggccttggcaacgattttatggtcgtcgacgcggtaacgcagaat,RpoD,1,0,3.23,3.09
NPdeoC,Nes,deoC,NA,433,0.45,-0.001,0.026148827641622796,0.2045324101319178,0.44166027098064337,-0.05240959489674135,0.1845599578319435,0.23696955272868486,ccagtgccagaaaatggcgcttctgctccgggctaagcactgggctggtgacaatttgctggcaacgttgttgcagtgcattttcatgagaagtgggcatcttcttttccttttatgccgaaggtgatgcgccattgtaagaagtttcgtgatgttcactttgatcctgatgcgtttgccaccactgacgcattcatttgaaagtgaattatttgaaccagatcgcattacagtgatgcaaacttgtaagtagatttccttaattgtgatgtgtatcgaagtgtgttgcggagtagatgttagaatactaacaaactcgcaaggtgaattttattggcgacaagccaggagaatgaaatgactgatctgaaagcaagcagcctgcgtgcactgaaattgatggacctgaccaccctgaatgacgacgacaccg,CytR;DeoR;Fis;ModE;RpoD;CRP,3,4,3.09,3.09
NPdeoD,Nes,deoD,NA,222,0.473,0.173,0.07090811467137312,0.48748311750959405,0.5886947161363164,0.031596798400295334,0.16192294385094208,0.13032614545064675,ggctcactgggtcatcgtgaaaccttcgcggatatcggccagactctggcaaaatattttggtacttctgatatggaatatggcaaagccatgttctgatggatttgggcggagcgttgactccgcctttgttatgtcacaaaaaggataaaacaatggctaccccacacattaatgcagaaatgggcgatttcgctgacgtagttttgatgccaggcgacc,CytR;DeoR;Fis;ModE;RpoD;CRP,3,4,1.91,2.08
NPdkgA,Nes,dkgA,NA,368,0.5,-0.049,-0.023145155941199536,0.23089594623918117,0.4493882971955124,-0.02833805576665463,0.18192729162388727,0.2102653473905419,acccaactgggcgaaaatcatgacattacgttggatgtcagccgccgtatatacgaagccgcccgctaagctttttacgcctcaaactttcgttttcgggcatttcgtccagacttaagttcacaacacctcaccggagcctgctccggtgagttcatataaaggaggaacgtatggctaatccaaccgttattaagctacaggatggcaatgtcatgccccagctgggactgggcgtctggcaagcaagtaatgaggaagtaatcaccgccattcaaaaagcgttagaagtgggttatcgctcgattgataccgccgcggcctacaagaacgaagaaggtgtcggcaaagccctgaaaaatgcctca,YqhC;RpoS;RpoD,3,0,3.08,3.03
NPdnaJ,Nes,dnaJ,NA,254,0.433,0.077,-0.049878577431065524,0.5084924303869104,0.5824122966246145,0.013441999439332553,0.10036792802532873,0.08692592858599618,ttctgcaaacaacgcgaaagatgacgatgttgtcgacgctgaatttgaagaagtcaaagacaaaaaataatcgccctataaacgggtaattatactgacacgggcgaaggggaatttcctctccgcccgtgcattcatctaggggcaatttaaaaaagatggctaagcaagattattacgagattttaggcgtttccaaaacagcggaagagcgtgaaatcagaaaggcctacaaacgcctggccatgaaatac,RpoH,1,0,1.68,1.76
NPdnaK,Nes,dnaK,NA,523,0.423,-0.125,-0.08732739667363502,0.1449994299273665,0.322662263932705,-0.09568283987089529,0.060896174181532536,0.15657901405242783,tttatggtcgtttgcctgcgccgtgcagcacagcatcaggctaatcgccaggctggcggaaatcgtaaaaacggatttcataaggattctcttagtgggaagaggtagggggatgaatacccactagtttactgctgataaagagaagattcaggcacgtaatcttttctttttattacaattttttgatgaatgccttggctgcgattcattctttatatgaataaaattgctgtcaattttacgtcttgtcctgccatatcgcgaaatttctgcgcaaaagcacaaaaaatttttgcatctcccccttgatgacgtggtttacgaccccatttagtagtcaaccgcagtgagtgagtctgcaaaaaaatgaaattgggcagttgaaaccagacgtttcgcccctattacagactcacaaccacatgatgaccgaatatatagtggagacgtttagatgggtaaaataattggtatcgacctgggtactaccaactcttgtgtagcgattatggatggcacc,RpoH,1,0,3.19,3.06
NPfhuA,Nes,fhuA,NA,393,0.435,-0.105,-0.06206358581377196,0.18718937010266923,0.464146706108077,-0.04556358400905547,0.21370782429469354,0.259271408303749,gcaacagcaacctgctcagcaagagcagaaagacagcgacggtgtagccggttggatcaaggatatgtttggtagtaattaacatctaagcgtgaaataccggatggcgagttgccatccggtaaaataacatcccatctaagatattaaccctttcttttcatctggttgtttattaacccttcaggaacgctcagattgcgtaccgcttgcgaacccgccagcgtttcgaatattatcttatctttataataatcattctcgtttacgttatcattcactttacatcagagatataccaatggcgcgttccaaaactgctcagccaaaacactcactgcgtaaaatcgcagttgtagtagccacagcggttagcggcatgtctgtttatgc,Fur;RpoD,1,1,3.23,3.13
NPftsK,Nes,ftsK,NA,294,0.469,-0.024,0.049381972782065575,0.17603614331251818,0.31207815587083276,-0.00954588294437661,0.1224681413728782,0.1320140243172548,gcgtcaatgacacacggacatacgttgttatggaagaagtcaagcagagtaatcgtctggttattaagacgcgctaacacggaacaggtgcaaaatcggcgtattttgattacactcctgttaatccatacagcaacagtactggggtaacctggtactgttgtccgttttagcatcgggcaggaaaagcctgtaacctggagagcctttcttgagccaggaatacattgaagacaaagaagtcacattgacaaagttaagtagcggccgccgccttctggaggcgttgctgat,LexA;RpoD,1,1,3.51,3.49
NPgsk,Nes,gsk,NA,338,0.467,-0.125,-0.08609465603704375,0.18958188977837043,0.4018238486700735,-0.049578661981681704,0.14162138637052957,0.19120004835221127,cggtaaatccggctgaagagtattcacaacggtcttcatttcagcagaaataaggtccagaacaggtagtttgttttccggcttcatacaaaaactcctttcaaattacgtcattgtaaggaaccactgccatgaaaatgcgatcccgcctgctgatattgaaactggctgcgtctcgcgcgctcccgtcagattgtgttaacattcgccgctcagttaaccacccgtaaaaacaaccatgaaatttcccggtaaacgtaaatccaaacattacttccccgtaaacgcacgcgatccgctgcttcagcaattccagccagaaaacgaaaccagcgctg,RpoD,1,0,3.2,3.07
NPguaC,Nes,guaC,NA,384,0.427,0.041,0.07936501906297017,0.32134881427341605,0.4221285881832806,0.08236305434424135,0.1900050298111876,0.10764197546694626,agcaaacgcattggcaacggtactcttgccactgccaatgcctcccgttaaggcaactatatacctcataatttatattcccgggaattcatcatgattatcaaaacgttaaaaatgagtgcacgaaagcgaaattgatgaaacgttcgctcactatttaccaggtaaatttatgggattgtagcgtaaaaaaagacaatttcgcagtcttgcgccgcattgattagtgcgtatgatagcgtcactggagttgcgctcttacccttatagccattaaccccaggaatccgcacatgcgtattgaagaagatctgaagttaggttttaaagacgttctcatccgccctaaacgctccactcttaaaagccgttccgatgttgaac,NA,NA,NA,3.2,3.24
NPhupA,Nes,hupA,NA,359,0.471,0.078,0.1258189237796648,0.19154073846433464,0.41269297536421073,-0.03379125465095442,0.2005721926609822,0.23436344731193662,gctgagtgcgaagaacgcgatatcgagctgataaaaggccttagggcagacctgcgtgaggcgggtgagagcaatattggtataatttttcagcaataagaccagaaaacgtgatttaacgcctgatttgtcgtacctggagtcttccctttcgccccccgtctggtctacatttggggggcgaaaaaaagtggctatcggtgcgtgtatgcaggagagtgctattctggcatttccgtcgcactcgatgcttagcaagcgataaacacattgtaaggataacttatgaacaagactcaactgattgatgtaattgcagagaaagcagaactgtccaaaacccaggctaaagctgctct,CRP;Fis,2,0,3.28,3.36
NPkatE,Nes,katE,NA,329,0.453,-0.031,-0.018176429932732937,0.3203633224145585,0.4282555109087944,0.041550957153170254,0.1441920868009589,0.10264112964778865,cgtgcgtgggacatagctaataatctggcggttttgctggcggagcggtttcttcattactggcttcactaaacgcatattaaaaatcagaaaaactgtagtttagccgatttagcccctgtacgtcccgctttgcgtgtatttcataacaccgtttccagaatagtctccgaagcgggatctggctggtggtctatagttagagagttttttgaccaaaacagcggccctttcagtaataaattaaggagacgagttcaatgtcgcaacataacgaaaagaacccacatcagcaccagtcaccactacacgattccagcgaagcgaaa,Fis;Fur;RpoS,2,1,2.96,2.93
NPlacZ,Nes,lacZ,NA,249,0.494,0.113,0.07664760068919241,0.6082262391123976,0.6445074435670827,0.2533755728536198,0.3087096277964224,0.055334054942802635,cacgacaggtttcccgactggaaagcgggcagtgagcgcaacgcaattaatgtgagttagctcactcattaggcaccccaggctttacactttatgcttccggctcgtatgttgtgtggaattgtgagcggataacaatttcacacaggaaacagctatgaccatgattacggattcactggccgtcgttttacaacgtcgtgactgggaaaaccctggcgttacccaacttaatcgccttgcagcaca,H-NS;LacI;MarA;RpoD;CRP,2,4,2.51,2.62
NPmoaA,Nes,moaA,NA,573,0.469,-0.129,-0.05048666174766114,0.17694229153219537,0.4403645919850983,-0.0011509851204731247,0.2405717992936291,0.24172278441410222,atgagagaacgcgtcccagtccatgccctccgccgagagcaacgacacgatcaagatcagccagcgtacgattgcgcatatagtttcctggagtcagattatccgcgctacagtagcgcaaattgcggggaaacagcaattaacctgccaatattgaggatacaaactattttcttctacctctaaaggacgatgcacgctatgcctccctgatgatgtatatcaaagtaaaaccgccattttcccttattctgtagcgaaatagcacgatcatgacgctatatacatgattacatagcgaaagtgtggatggtaaaaatctcatttacacgctagtatcggcataaccactaaacactctagcctctgcacctgggtcaactgatacggtgctttggccgtgacaatgctcgtaaagattgccaccagggcgaaggaagaaatgacttcgcctcccgtatctggaaaggtgtacatggcttcacaactgactgatgcatttgcgcgtaagttttactacttgcgcctgtcgattaccgatgtgtgtaactttcgttgcacctactgcctgcc,CueR;FNR;ModE,2,1,3.56,3.43
NPnfo,Nes,nfo,NA,258,0.519,-0.07,-0.09934260331220235,0.30994493499869175,0.4649804828738747,-0.033461625227111325,0.10967705261564986,0.14313867784276119,ctctgctgatggcactggtactgtttgcctggctgattgttggtggtggtgcgattaactatgtgattcaaagcgtcatcgcataaaccactacatcttgctcctgttaacccgctatcattaccgttttcctccagcgggtttaacaggagtcctcgcatgaaatacattggagcgcacgttagtgctgctggcggtctggcaaatgccgcaattcgcgccgccgaaatcgacgcaaccgcgtttgccttgttcacc,MarA;Rob;SoxS;RpoD,4,0,2.58,2.51
NPpepN,Nes,pepN,NA,438,0.436,-0.015,-0.0010337038016731085,0.19023221043871005,0.33984603632483773,-0.0874098480669944,0.059718183065008645,0.14712803113200304,aaacacggcttgctgcatatgcaacttataagcatctgtatccagcaacgagtgcagaacaggagaagcgaattgtgtcataggtgcgcagtagcgtcctcgtacaggagcgtttagtacaataaacatcttcaggaactgctggagtataccttgtttcgcaatttattgaaccccgatcacaccatatgccacctttctggtcgatggcattacgcggtgtatgttataaaaatgtagcaataaaggcgtttgtacctgaaaagatgaagattctgcatagcgcgatttacgcaacaggaatagactgaacaccagactctataaaagatgctaaaggttatttatgactcaacagccacaagccaaataccgtcacgattatcgtgcgccggattaccagattactgatattgacttgacctttgacctcgacgc,NA,NA,NA,2.97,2.95
NPpitA,Nes,pitA,NA,400,0.458,-0.152,-0.054689654943247845,0.11569502708784986,0.3578439762569308,-0.03335785910657828,0.1832118636488061,0.2165697227553844,atcgatcagcagaacccggcgtcctgcctgacctgccagcgcagaacagaacatacccgccgcaccagcgcctataataatggcatcaaacctttccacgttgcgctcctcttagaaaaaacgggcgtgaattgtaaagattcctcagtggtcgcaccagcatcaatattactaaaaggaagtatttgcctgaattatataagataattattttttgagtgaaatccatacagggggcaaatcaaaaaaagtctatatttcactttgcccgcgccgcgaaagtcactgataatgcgccgcgttcatgtcctcaaaatggcgtaacgtcctatgctacatttgtttgctggcctggatttgcataccgggctgttattattgcttgcactggcttttgtgc,FNR,1,0,3.73,3.58
NPrcsA,Nes,rcsA,NA,668,0.392,-0.059,-0.05049330319929907,0.3838833199201158,0.5081941628583444,0.0978772156527179,0.2122685186791436,0.1143913030264257,ctggcgttaccgctcattactctgctgctgacactgaatctggcattaggtttacttaatcgtatggccccgcaattatccatttttgttattggatttccattaactctgactgtcggcatctctttaatggcggcattaatgccgttaattgcacctttttgcgaacatttattcagtgaaatttttaatttgctggctgatattattagtgaattgccattaatataattccgtaacgtttatcatgttatcctaaggattatccgaaaaataatacctacgaacatcttccaggatactcctgcagcgaaatatttgttttaagctcactcacatatcgcaacatttactttactttaagacaattccaggcaaattatacaacactttacgggatagtaagtccgcctgaaaaatcgcgagagtggcgcattaggtgacccatgttgttccgtttagtcatgatgaaatattcaggtaaggggaattatcgttacgcattgagtgagggtatgccatgtcaacgattattatggatttatgtagttacacccgactaggtttaaccgggtatctgttgagtagaggggttaaaaaaagagaaatcaacgacattgaaaccgttgatgaccttgccatagcttgtgattcacagcgcccttcag,GadE;H-NS;RcsAB;RpoD,3,1,2.92,2.86
NPrimJ,Nes,rimJ,NA,373,0.442,-0.046,-0.010345370358161743,0.17475653482800532,0.35354313907714335,-0.06816836410013397,0.10277084229518746,0.17093920639532142,gcacgaccagcatattatcgatgagcaggaaatatttacccaggttcctcgcctgcgacacgcgggacatttcccctcccgggaaataaaagatgagcactttctattctgcattgccgctaagacttttcccatcacttcggggacaatatttttttatcaaaacgtcgctttgatagagagtttttatcaaatatgtgaataatgcagaaaatggcattttggacttttcacagggtctggttgcgcaggtatagtaatacttacagcgtattaaagacgttacgggaaggagtaggtatagaatgtttggctatcgcagtaacgtgccaaaagtgcgcttaaccacagaccgactggtcgtgcgtctggt,NA,NA,NA,3.17,3.13
NPrluC,Nes,rluC,NA,288,0.41,-0.009,0.011943052394508052,0.2396308561081973,0.3659621435088076,-0.02627874574798167,0.09847586165024469,0.12475460739822636,cggaaacggcctcattattccactgcaagccttgttatagcaagatgacttttaccatttatcacccgcttactcacagttttttcacttcttgctggtgattggtttaataaccatcaataaagtgatcacgcagtgaagtaataaggtgcaaaagtaaatataagcatagaaaaatgagtggcgcgaatcctgttggctaattagaatcgccaaccatgaaaacagagactccatccgtaaaaattgttgctatcaccgctgacgaagcggggcaacgtatcgata,NA,NA,NA,3.04,3.03
NPrpmE,Nes,rpmE,NA,364,0.478,-0.25,-0.1227563440208142,0.2478654575473832,0.6620145949035714,0.14508898860217545,0.5171197694864661,0.37203078088429065,aaccgtcatgccttctggcagcagatagtcaaaggtacgaggaagcggaacgggcaaggcaacgtgggcaacgggcatagcatcatcctgacttgaaattcggtgggttagtatacacattgccgtagaagagtgcggatcagtttgcatacgctggttaatttctgtatgatttcgcgccttcgtacgaaatgatcgtattgaagctatacttttaacatcgcgtggtgtctggcgttagggctggaagagcgacgcggccttaaaccgaggttttcccatgaaaaaagatattcacccgaaatacgaagaaattactgctagctgctcttgcggtaacgtaatgaaaatccgctccaccgtt,RpoH,1,0,4,3.75
NPsanA,Nes,sanA,NA,303,0.558,0.1,0.08888815713288184,0.36097467275080286,0.40389812011453174,0.045481678994626074,0.10522693982612691,0.059745260831500835,atgcgccgttgattcagtgggatgccacctccgcaacgctgaaagctctcggctgtcacagtatcgaccgagtgcttctcgcttaagcctggtgccggatgcggcgtgaacgccttgtccggcttgccagccctctcctggtgtcgaaattcccggcaaacagtttgccgtttcttgcgcaaaaccagcgggtaaagtagcctgatggaaattttccttagatcgagtctcctgcatgttaaagcgcgtgttcctcagcctgttagtcctgatcggcttgctgctgttgactgtgctcggcct,NA,NA,NA,2.74,2.84
NPserB,Nes,serB,NA,279,0.473,0.101,0.06186567358398376,0.3313436384203353,0.4638368469251972,-0.02760384495360607,0.12189485553843421,0.14949870049204028,ctgcatcagcgccactaacaaggcaagacagaacaggacaatcactgcccgatgcagccggaatttcagttttgtgcgagccatcttccaccctttgaaaatttgagacttaatgttgccagaagcaatggatacaaggtagcctcatgcgttattttccctgcttcgaacgattttacaggagccttaatgcctaacattacctggtgcgacctgcctgaagatgtctctttatggccgggtctgcctctttcattaagtggtgatgaagtgatgcca,NA,NA,NA,2.49,2.59
NPsppA,Nes,sppA,NA,307,0.472,0.026,-0.025525576935102715,0.34833307144857506,0.45582610723893374,-0.02944754974845004,0.08235877242674267,0.11180632217519271,agttgttcacccgttggcgcgggttcagccaagcgggaggcgctacggcgattgatcaatagttcgagtgcatccatttgattaactcctgtcgtgatatttattcacaaaattaacacgagagtggattttgttacagcacagtccgcaattcctgctgacaagtaccggttgggtcattacgataaccacatctattgcgcctgtgacaggtgtgaccttaagttgggagaatacatgcgaaccctttggcgatttattgccggattttttaaatggacgtggcgtctgctgaatttcgtccgtg,NA,NA,NA,2.37,2.4
NPtatE,Nes,tatE,NA,299,0.492,-0.064,-0.0026955962200346795,0.13476699893479294,0.4189353466304503,-0.0688601895567873,0.20446152294503805,0.27332171250182535,gaacgtgtgcgtcaggtgcgcgcgcaactgcccgtcttaaacaaccgtcgctttgcgccgccgcaattattatgatgtttttttactcggcgcttgattcaccttgttacagattgctattgtgtgcgcgcgtcgaatgaccgttaatattctctggtttttaaggcgcgttctgttgccggttatatgtcaagaaggtatctatgggtgagattagtattaccaaactgctggtagttgcggcgctggtcgttctgctgtttgggactaagaagttacgtacgctgggcggagacctt,NA,NA,NA,3.41,3.34
NPtonB,Nes,tonB,NA,298,0.423,-0.121,0.009112120173468186,0.17184386887089506,0.4431944024091578,0.07441168163550901,0.32531470807401625,0.25090302643850726,cgggcacaactccttgttcgggaaagttgtaaagtacgttatttgaaagggcgaagatctgcaacggaaagatgatgtctttgttaaggccatgcataaagtaagggtaattacgccaaaaatgacattttcactgatcctgatcgtcttgccttattgaatatgattgctatttgcatttaaaatcgagacctggtttttctactgaaatgattatgacttcaatgacccttgatttacctcgccgcttcccctggccgacgttactttcggtctgcattcatggtgctgttgtggc,RpoD;Fur,2,1,4.03,3.91
NPycaK,Nes,ycaK,NA,266,0.455,0.039,-0.02407227759507028,0.4353606996422133,0.5387610000991392,0.039341231617754435,0.14929125694930206,0.10995002533154763,agcctaactcatcgcccgctgcacgaaagctttgattacgggccacggcaaagaaagtggcaaagtcagacatattcatccgcattagtgaaaatccttcattaactcatcctgaatcatcacgtttacaggattatgccgcctgcgtaaagtgcgctccagaacttaacgtggaggtaaaattatgcagtctgaacgtatttatttggtatgggcccatcctcgtcatgattcattgaccgcacatattgctgatgcgatccatc,NA,NA,NA,2.27,2.3
NPycjM,Nes,ycjM,NA,352,0.452,0.212,0.1586225356540154,0.5530917302487975,0.6523529096196001,0.17145437982109624,0.30652697383264843,0.1350725940115522,gggcaagcaaaagagatccttagcgagatgggatatacccacgttgagaacgccggtggcctgaaagacatcgcaatgccgaaggtcaaaggttaaaagaattcaccatgagcggcgcttatgcgccgtttttttttctgtcacaccttatttacatccccatagattatttgcgtcagctcacaaatacgctttttccctggtaaaaaatgatttcctgcgtgactaaaacccttgtgctcaattgacagtttattttctgcggagtagtctctcgtttcatgggaccgctaccacggaaaggcaacatgaaacagaaaattacggattacctggacgaaatctacggtgg,NA,NA,NA,2.35,2.56
NPyfjP,Nes,yfjP,NA,675,0.431,0.186,0.10731610993841378,0.4535017584060389,0.5730616457128225,0.03273433210290322,0.18371901582707323,0.15098468372417,aaccgcttcgttacgctggaaatgaaatatggccggatcatgctggatacggccaaaattattgatgagcaggacgttccgacacatatcctgagcaaactgacttttactttacgtaatcatcctgagtacctagaagcctctgttttgtctcccgatgatgtacgccaagtcctgtcaatggatttttgaaactcttctttctaaacgaaccagtatagaattcgcccttttggcatgatattaacttgtccaatatgatcaaatagcattaaccccccctcacaacgtcctgcatagggaacacgttttcccctgtgcacccacgactaaatttccccccctttaaacttctcaataatgtcaccaattttctggaaatcctatgatgcctttcccggtaaatggtgctgtgagttcagaaagattctgcaatctatgtgcattgaaaaaatcttcagatagatatcattctcctgaacaatccgatgaacggcagaacctcgcggttctgccgtttttgttttacttttcagaggagtggtgatgaaaaattttgaagttctgcagccactacagaactccctttccggtctaccgctatgggtatctgaacgtatattgcagcagataaatcagttaacccactacgagccagtgatcggcatcatgggt,NA,NA,NA,2.12,2.31
NPyhaH,Nes,yhaH,NA,464,0.442,0.157,0.12076121642337795,0.3387991787812708,0.49423679855532265,-0.01608082853459536,0.16585751734219772,0.18193834587679308,ttccgcagccataagaccatcaaccctacggggattatttcaattggtccgtggcaggatctcgatgaaccgcatggacgagatgttcgcttcggttaaaaaaaggcaccttacgaggtgcctctgataattagctaagtgcatgttgttcatgtcggatgtggcatgaacgccttatctgacatacaaaacattgtacattcaatagattgcataacccgcgcagaccagataagcgtagcgcatctggcgattttgcgcttgtcatcagtcttagcgcgccttcacggcactttattaattccttgaacgaatatttactgccatttcattcacgtctattcttaatttgctgctttaaaaacaagtgattgagcaaaattgaggcaaaaatggactggtatctgaaagtactaaaaaattatgtcggtttccggggtcgtgcgcggcgcaaagagtactgg,NA,NA,NA,2.51,2.67
NPyneJ,Nes,yneJ,NA,223,0.444,0.02,0.029205471482456946,0.23143596132874245,0.39645138429003873,-0.053452313431510134,0.114971604614446,0.16842391804595613,ccgtggcaggatttatcgaaattgcatgagttgccggagtaatggtcatcggggtatctcctttatgagtcatggtatgaagatacgcagatttactcttgctttaaaatgaataatattaagccacttattcacgaatcgagaatgctatggatctgacccaactggagatgttcaacgcggttgccgaagctggcagcataacccaggctgcagcaaaagt,NA,NA,NA,2.92,2.94
NPynfM,Nes,ynfM,NA,291,0.423,-0.059,-0.006819273075909016,0.25908404078531566,0.39740283636499846,0.040589797896923296,0.1689891123603115,0.1283993144633882,gaaatattcaggcgggcagcggcgcgcccgaaatgcagctcttccgcaacagcaacaaagtaacgcagatgacgaagttcaatattcatatttaaaacatcttatttgagattattaatatattagacagaacaattcgattttcctaccctatgtataagcctgatctacaggcatatttagcaaggatttcaagtgagccgtactacaactgttgatggcgctccggcaagcgacactgacaagcaaagcatttctcagccaaatcaatttattaaacgcggtacgccg,NA,NA,NA,3.32,3.26
NPyodB,Nes,yodB,NA,476,0.391,-0.031,-0.041989817155053066,0.21782477789059115,0.41158622703782594,-0.09824043074668673,0.0903181611399908,0.18855859188667753,atggaaaactggccaacgtattatccatatcagttgagtagcgaagaagtggtcgaggaaatgatgtctcattgagtattctcatgataacgcctcgatgccgctttagtaagttatcataactgccactggtccatccacaaacgccactgaacgcaagctagctacagacacgctcatcactatgacgtgtctgtatattaataagctaacccgcattgagttaaccaataacggattccatacacaatacggccaacagagaaagatacctgtgctcacgccattgcttatattggctggttacaatatgcactatcaattttttaaataacaaattattaaaaccacatctgtataaggaatttttaaggttcgtgggatagcttgactgtgaaaatcacaggagctacaaaaatgaaccgattctcaaaaactcaaatttatttacattggataacgctgcttttcgttgc,NA,NA,NA,2.74,2.71
NPypjD,Nes,ypjD,NA,284,0.493,0.09,0.03116470593227537,0.40874064643677566,0.4342492166843287,0.018307910972782615,0.05907815607968936,0.040770245106906744,cttcgcgcagcgtatcttttacgttgtcttcagtgaggcgtccacggccactgatattgcgcagcgtgcgcgacaaacgatcggttaaattatcaaacattgtctctcgcctggggtggaaacggttggccgcaatcgcgacacatcatcagtattttgccgcagtataacatgaaggcgtctttgttgttatgcaacggttggagcagcgttcacctgacgctatactgcttctctttcttattgctcaaactgtcgacatcactatgcccgtttttgctctg,NA,NA,NA,2.3,2.39
SP1,Syn,NA,NA,200,0.45,0.041,0.10077731162254311,0.16532215647848886,0.3725714144976094,-0.04039282631907776,0.17369995127516186,0.21409277759423961,gcctctccatgaggatgtactttgtctcattttccctagatgcgatctccagagttgtcgtttatttcattgggcccttgtgtgattgtttgagcgctctcagctacgatacagggtctttcagtcagttgtttgttgtcttttcaccctactccgagtgttatctgtgcttgtagtgctatattgtgctttccctgtgt,NA,NA,NA,3.39,3.43
SP2,Syn,NA,NA,92,0.391,-0.006,0.017646211363885722,0.15530937169157794,0.254601942759949,-0.10756284122320608,-0.009216076362187298,0.09834676486101879,gaagggcctcagtgcatatagttgctctgtatggacaaactagagggtagaggctcttatttctgatagtattcctaatattttttcgaatc,NA,NA,NA,3.05,3.05
SP3,Syn,NA,NA,144,0.486,0.031,0.07280431849265673,0.1846420885464001,0.29636331003521016,-0.048865880323459926,0.068012326859549,0.11687820718300893,gatgacattgtgcggagggcatgtcggaccgtacgttgagtttgacgctacatcgttgaaggtttagccatttgtggctacattttccatcagccagttcttgagaaacaactggaggctaacgcaaagatgtgatgacgtccg,NA,NA,NA,3.23,3.26
SP4,Syn,NA,NA,198,0.49,0.026,0.060099363966319985,0.13629661073126212,0.3617033425440428,-0.10948155553085068,0.12027762325557656,0.22975917878642724,tatatcttcccggtggtgtcatggaggcccgtcatcatggtgtacgtgcagtatttgctcggtggttttgactagatgtcttctacttgacatgatcctaagtgtccgtactctgtgccgagtagtacgggggaatagcttgaaacaaggttaggctgccactggattctcgtttatgacggctcctgttcagaagac,NA,NA,NA,3.16,3.18
SP5,Syn,NA,NA,200,0.545,0.034,0.02400163676311534,0.22192801104176035,0.4482771820864124,-0.0928178391114301,0.13932124261923046,0.23213908173066056,agcccggctacctcgctttttgtggcaatctaacatttgtggttttaatgtggttcaaggggtcgtcaaggggatgctctaggtggtcggtcgtggggacttccgcgctggctattaggtggatagttctcccttggccctttccggcggttgagaggactttcgctggcgccattgcgtgctacgtccactaatcgata,NA,NA,NA,2.75,2.78
SP6,Syn,NA,NA,92,0.413,-0.031,0.11214227736004712,0.10601741054249274,0.2811955544232004,0.027746098267623573,0.19777240347817732,0.17002630521055373,agtactgctcgtgtgagtcagtttacatctttttttgggtgctattgttctctttgggtaatagtgtatcttgagatcaacgactgcgcgtt,NA,NA,NA,4.15,4.12
SP7,Syn,NA,NA,200,0.395,-0.055,0.077348075153372,0.09444088412843278,0.2533493876723533,3.0723453979099313e-4,0.14992371227127038,0.1496164777314794,ccacttaggaccttttggtgtgaaatttttattgtaggttgcttgtagccatgttctctatttggtgttatttttattcgcatcaagttgttttaattagacttccagcgtgtcatgactttgagggtcgggtagaggtgcgatttatttctgttcgttctcacctgtccgcacaattgtgtgttaagaattgagtacct,NA,NA,NA,4.05,4
SP8,Syn,NA,NA,127,0.488,-0.035,0.1022086495952626,0.11458483668210492,0.3009860713745843,0.02833827742613912,0.20878193768505388,0.18044366025891476,ggcagtgtttgacgtgaaggtggtccgggtgtagcttattgtaatatgttttgtttaaacgtgctcgggccttttgcgtcactcaatcagtgctgtaatgctccccggttctggtttttttgcgcgg,NA,NA,NA,4.1,4.07
SP9,Syn,NA,NA,200,0.45,-0.115,0.003688864593224997,0.1448674575849796,0.2936447948986691,0.02955519760479769,0.15892180155722324,0.12936660395242555,tggggtggcaaactcgcctgggaggccaatttgagattttggattatatccttcctttcttttctggctaactctcggccccgtgtagatctcgcatgtactagtagaattttttctggttcggatggatacttgtagtatattcctatactccgaagaattcgagctgatgtggtgttctcacctcttctctaaggctc,NA,NA,NA,3.93,3.81
SP10,Syn,NA,NA,102,0.402,-0.008,0.14323006061814053,0.10630560006506956,0.29685242790186356,0.04167371319661223,0.23082606983692883,0.1891523566403166,agtactgctccatctgtgaagttttagagcgcaggccagaggcgttattaaatttcattatattctttgtcgtcttcgtgctactataagttttattcgccc,NA,NA,NA,4.23,4.22
SP11,Syn,NA,NA,200,0.495,-0.154,-0.1421799950771595,0.35726572507780274,0.438717481427524,0.07672422679197455,0.1321866914565376,0.05546246466456306,cctggtttgcccaatctgttgtgtatgtctttttctgagtatcctctaacatagattgttggaggcttccgtggcacgctgagcggttgggggttttcagtgactccttttctcttgctttgtcttacttctggtggggttgccgtccaacgctgttgttctctgtctccaccctgtggcttgagtttttactgggtcct,NA,NA,NA,2.95,2.8
SP12,Syn,NA,NA,88,0.398,0.044,0.06437059448226262,0.19682174512072723,0.30052208905915945,-0.06983952798986051,0.04121393929955641,0.11105346728941692,agtactgctcgtctttgtatgttgactatattagttattgggttaccgtgttttctgtcttttggattccttccgtcggtttgcattg,NA,NA,NA,3.03,3.08
SP13,Syn,NA,NA,137,0.365,0.287,0.18807088326869215,0.48789250600331313,0.5285579200945555,0.03580738615564072,0.12494490565863664,0.08913751950299592,ttttgagggaaagtacgttttttatgtcggccttattcttagtggttgttgctctgtttattgacgttccaattttatcggtttgtgccttaacgtatgcgctatagatgtttttgagtggaattaattatgggctt,NA,NA,NA,1.93,2.22
SP14,Syn,NA,NA,89,0.483,0.09,0.18616311609589958,0.11800714879218575,0.35372886215438326,-0.032864419917238,0.21812325041302683,0.2509876703302648,atttgttccctgctgtggtgactgttagtttgtcttccgttatggtctcgtgttaccctcggggttgctatgaaactttcgctgggaag,NA,NA,NA,3.72,3.81
SP15,Syn,NA,NA,97,0.423,0.069,0.01723642986637053,0.44317605968460017,0.5089865399981521,0.0648955210083228,0.1422904379363507,0.07739491692802791,agtactgctctatgaggttcatgacttgaggagtttcttcttagttacgtctagtttgatggctatagtcttattgctggctggtagatgttagccc,NA,NA,NA,2.37,2.44
SP16,Syn,NA,NA,73,0.466,-0.111,-0.16280040845086602,0.38062742865679006,0.49622792822308287,0.0010451413977400348,0.09798893657273106,0.09694379517499102,ttgttcactctaggatttcccaactagcttattgttagggtacttgtgctcttcgtttcgagcggcgggtttc,NA,NA,NA,2.36,2.25
