Order,Promoter_Name,Type,Genotype,Category,Gene_name,Bnb,Essentiality,Sigma,New_identifier,Old_identifier,CSV_filename_new,CSV_filename_old,FCS_obtained,Sequence,GC_ratio,Length,Used,Promname_RegulonDB
1,NPacpP,Promoter,wild type,Natural,acpP,b1094,essential,['70'],acpP,acpP,acpP.csv,acpP.csv,20200830,ggttgcattcctggcatccgacgaagcagcttacatcacgggtgaaactttgcatgtgaacggcgggatgtacatggtctgaccgcgatttgcacaaaatgctcatgttgcgcgcagtctgcgtggttatgagtaataattagtgcaaaatgatttgcgttattggggggtaaggcctcaaaataacgtaaaatcgtggtaagacctgccgggatttagttgcaaatttttcaacattttatacactacgaaaaccatcgcgaaagcgagttttgataggaaatttaagagtatgagcactatcgaagaacgcgttaagaaaattatcggcgaacagctgggcgttaagcaggaagaagttaccaacaatgcttctttcgttgaagacctggg,0.44,393,Yes,acpPp
2,NPacpP,Promoter,mutant library,Natural,acpP,b1094,essential,['70'],acpP_m,acpP_m,acpP_m.csv,acpP_m.csv,20201113,,,,Yes,
3,NPadd,Promoter,wild type,Natural,add,b1623,nonessential,['70'],add,add,add.csv,add.csv,20201030,aggtcgtggttttgtccgtctcaatgccggctgcccacgttcgaaactggaaaaaggtgtggctggattaattaacgccatccgcgctgttcgttaaccccaattgcgcaacgtaaaaaatcgttgcgcaatcgtggatttttaccctgctttgtttttataatggtgcgcacttttatatccagaaaaagagtgcgaccatgattgataccaccctgccattaactgatatccatcgccaccttgatggcaacattcgtccccagacca,0.47,270,Yes,addp6
4,NPadd,Promoter,mutant library,Natural,add,b1623,nonessential,['70'],add_m,add_m,add_m.csv,add_m.csv,20201030,,,,Yes,
5,NPbioB,Promoter,wild type,Natural,bioB,b0775,nonessential,['70'],bioB,bioB,bioB.csv,bioB.csv,20201030,ataaaccggcagaggggaggtcatggatgtgtatgggtgccagatatggcgttggtcaaaggcaagatcgtccgttgtcataatcgacttgtaaaccaaattgaaaagatttaggtttacaagtctacaccgaattaacaacaaaaaacacgttttggagaagccccatggctcaccgcccacgctggacattgtcgcaagtcacagaattatttgaaaaaccgttgctggatctgctgtttgaagcgcagcaggt,0.46,256,Yes,bioBp
6,NPbioB,Promoter,mutant library,Natural,bioB,b0775,nonessential,['70'],bioB_m,bioB_m,bioB_m.csv,bioB_m.csv,20201030,,,,Yes,
7,NPbtuB,Promoter,wild type,Natural,btuB,b3966,essential,['70'],btuB,btuB,btuB.csv,btuB.csv,20201030,ggtcagaaaacggtgccatcatactttgcaaacgtaccactttttcggctaactgcgcttcatactgttctgttggaaggtgttcgggggtcatgatgtatcctgaaaaattaaagtacgcggcgattgtagggattgctcatcagatgtccagatcttgatgaattcctatttgtgagctacgtctggacagtaacttgttacaacctgtagcatccacttgccggtcctgtgagttaatagggaatccagtgcgaatctggagctgacgcgcagcggtaaggaaaggtgcgatgattgcgttatgcggacactgccattcggtgggaagtcatcatctcttagtatcttagatacccctccaagcccgaagacctgccggccaacgtcgcatctggttctcatcatcgcgtaatattgatgaaacctgcggcatccttcttctattgtggatgctttacaatgattaaaaaagcttcgctgctgacggcgtgttccgtcacggcattttccgcttgggcacaggatac,0.48,530,Yes,btuBp
8,NPbtuB,Promoter,mutant library,Natural,btuB,b3966,essential,['70'],btuB_m,btuB_m,btuB_m.csv,btuB_m.csv,20201030,,,,Yes,
9,NPcca,Promoter,wild type,Natural,cca,b3056,essential,['24'],cca,cca,cca.csv,cca.csv,20200830,cttgctgctcggtctggtactgccgcacctgatcccaagccgcaaacgcaaagatcgctggatgaactaaatcgccttcttcgttgcactgtcttattattaggaattgtgtatttgacgaagggatgatggcgtgaagatttatctggtcggtggtgctgttcgggatgcattgttagggctaccggtcaaagacagagattgggtggtggtcg,0.5,215,Yes,
10,NPcca,Promoter,mutant library,Natural,cca,b3056,essential,['24'],cca_m,cca_m,cca_m.csv,cca_m.csv,20200830,,,,Yes,
11,NPclpX,Promoter,wild type,Natural,clpX,b0438,nonessential,"['32', '24', '70']",clpX,clpX,clpX.csv,clpX.csv,20201030,tgaacgtgataccgagcgcgatcgcttcctttccgcccctgaagcggtggaatacggtctggtcgattcgattctgacccatcgtaattgatgccagaggcgcaactgtgccgctatacttatccagggcggcacaacgctgtaagcggcttgcgcctgagaatggcatttgcgtcgtcgtgtgcggcacaaagaacaaagaagaggttttgacccatgacagataaacgcaaagatggctcagg,0.54,245,Yes,clpPp1
12,NPclpX,Promoter,mutant library,Natural,clpX,b0438,nonessential,"['32', '24', '70']",clpX_m,clpX_m,clpX_m.csv,clpX_m.csv,20201030,,,,Yes,
13,NPcrp,Promoter,wild type,Natural,crp,b3357,nonessential,['70'],crp,crp,crp.csv,crp.csv,20201030,cctgagttgccgtccattaaaatctgatgaccagaggcggattcgcccagaaaagttaacccttcgacccacttcactcgcgcttgcatttttgctactccactgcgtcaattttcctgacagagtacgcgtactaaccaaatcgcgcaacggaaggcgacctgggtcatgctgaagcgagacaccaggagacacaaagcgaaagctatgctaaaacagtcaggatgctacagtaatacattgatgtactgcatgtatgcaaaggacgtcacattaccgtgcagtacagttgatagccccttcccaggtagcgggaagcatatttcggcaatccagagacagcggcgttatctggctctggagaaagcttataacagaggataaccgcgcatggtgcttggcaaaccgcaaacagacccgactctcgaatggttcttgtctcattgccacattcataagtacccatccaagagcacgctt,0.5,480,Yes,crpp1
14,NPcrp,Promoter,mutant library,Natural,crp,b3357,nonessential,['70'],crp_m,crp_m,crp_m.csv,crp_m.csv,20201030,,,,Yes,
15,NPcysS,Promoter,wild type,Natural,cysS,b0526,essential,['Unspecified'],cysS,cysS,cysS.csv,cysS.csv,20201201,gcggcagtagtccaggaagtttttaactgtttcaggtgctttatcgtcaaaagttttgatgacaatatcgccgtgattggtgtggaaagtaaccatttttgcatcctgttccgtttgattggtgcttcaacccagttcgggtcatatatagggtggtgttatagcataaccgcacgatcggatcatcacgcaatgtatgctgattcgcgcgggaaatatgggtattatacgcaactcaattacccacacatgtctaaacggaatcttcgatgctaaaaatcttcaatactctgacacgccaaaaagaggaatttaagcctattcacgccggggaagtcggcatgtacg,0.44,348,Yes,
16,NPcysS,Promoter,mutant library,Natural,cysS,b0526,essential,['Unspecified'],cysS_m,cysS_m,cysS_m.csv,cysS_m.csv,20200729,,,,Yes,
17,NPdapF,Promoter,wild type,Natural,dapF,b3809,nonessential,['70'],dapF,dapF,dapF.csv,dapF.csv,20201030,tttaccgagcgagcatcctcacgctgacggaactaaaaaagacaacaaacaaaccacattgcgatagtgcataaagccatcctggcgcgaggtgccgatcacgaaactaccagcaaaacataaatccccacgagtaagcgttatactcgcagcatttcctcacttttcagacttcataaagagtcgctaaacgcttgcttttacgtcttctcctgcgatgatagaaagcagaaagcgatgaactttacaggcaatccataatgaaaaacgtgtttaaggcactcactgtattacttactctcttcagcctgacgggctgcggtctgaaaggtccgctctatttcccgcctgcagataaaaacgcaccgccgccgaccaaaccggtagagacgcaaacgcaatccacggtgccggataaaaacgatcgcgccactggcgatggtccatcccaggtgaattactaaaagtcagtttctgtacccgcgtgattggagtaaatgatgcagttctcgaaaatgcatggccttggcaacgattttatggtcgtcgacgcggtaacgcagaat,0.48,566,Yes,yifLp
18,NPdapF,Promoter,mutant library,Natural,dapF,b3809,nonessential,['70'],dapF_m,dapF_m,dapF_m.csv,dapF_m.csv,20201030,,,,Yes,
19,NPdeoC,Promoter,wild type,Natural,deoC,b4381,nonessential,['70'],deoC,deoC,deoC.csv,deoC.csv,20201030,ccagtgccagaaaatggcgcttctgctccgggctaagcactgggctggtgacaatttgctggcaacgttgttgcagtgcattttcatgagaagtgggcatcttcttttccttttatgccgaaggtgatgcgccattgtaagaagtttcgtgatgttcactttgatcctgatgcgtttgccaccactgacgcattcatttgaaagtgaattatttgaaccagatcgcattacagtgatgcaaacttgtaagtagatttccttaattgtgatgtgtatcgaagtgtgttgcggagtagatgttagaatactaacaaactcgcaaggtgaattttattggcgacaagccaggagaatgaaatgactgatctgaaagcaagcagcctgcgtgcactgaaattgatggacctgaccaccctgaatgacgacgacaccg,0.45,433,Yes,deoCp1@deoCp2@deoBp
20,NPdeoC,Promoter,mutant library,Natural,deoC,b4381,nonessential,['70'],deoC_m,deoC_m,deoC_m.csv,deoC_m.csv,20201030,,,,Yes,
21,NPdeoD,Promoter,wild type,Natural,deoD,b4384,nonessential,['70'],deoD,deoD,deoD.csv,deoD.csv,20200830,ggctcactgggtcatcgtgaaaccttcgcggatatcggccagactctggcaaaatattttggtacttctgatatggaatatggcaaagccatgttctgatggatttgggcggagcgttgactccgcctttgttatgtcacaaaaaggataaaacaatggctaccccacacattaatgcagaaatgggcgatttcgctgacgtagttttgatgccaggcgacc,0.47,222,Yes,
22,NPdeoD,Promoter,mutant library,Natural,deoD,b4384,nonessential,['70'],deoD_m,deoD_m,deoD_m.csv,deoD_m.csv,20200830,,,,Yes,
23,NPdfp,Promoter,wild type,Natural,dfp,b3639,essential,['Unspecified'],dfp,dfp,dfp.csv,dfp.csv,20200729,agcagctcgacatccgttaaggcgctaataccaaacttcagcattttttcgcgcggcatcaacagctgtgaattgtttttcaccttcacctcctttgtggtgctcgcatcctgtcatagccgtttcgttaaatcgacggccagttttcaatcctggaaagcgcctcgcaaagtgaatctcaggtgaaggcacgacaacaaaagtattgtgataaaatcgccaacttctggtgtcaccctacaggaaaaatcatcatgagcctggccggtaaaaa,0.47,274,Yes,
24,NPdfp,Promoter,mutant library,Natural,dfp,b3639,essential,['Unspecified'],dfp_m,dfp_m,dfp_m.csv,dfp_m.csv,20200729,,,,Yes,
25,NPdkgA,Promoter,wild type,Natural,dkgA,b3012,nonessential,"['70', 'S']",dkgA,dkgA,dkgA.csv,dkgA.csv,20201030,acccaactgggcgaaaatcatgacattacgttggatgtcagccgccgtatatacgaagccgcccgctaagctttttacgcctcaaactttcgttttcgggcatttcgtccagacttaagttcacaacacctcaccggagcctgctccggtgagttcatataaaggaggaacgtatggctaatccaaccgttattaagctacaggatggcaatgtcatgccccagctgggactgggcgtctggcaagcaagtaatgaggaagtaatcaccgccattcaaaaagcgttagaagtgggttatcgctcgattgataccgccgcggcctacaagaacgaagaaggtgtcggcaaagccctgaaaaatgcctca,0.5,368,Yes,yqhDp
26,NPdkgA,Promoter,mutant library,Natural,dkgA,b3012,nonessential,"['70', 'S']",dkgA_m,dkgA_m,dkgA_m.csv,dkgA_m.csv,20201030,,,,Yes,
27,NPdnaJ,Promoter,wild type,Natural,dnaJ,b0015,nonessential,['32'],dnaJ,dnaJ,dnaJ.csv,dnaJ.csv,20200830,ttctgcaaacaacgcgaaagatgacgatgttgtcgacgctgaatttgaagaagtcaaagacaaaaaataatcgccctataaacgggtaattatactgacacgggcgaaggggaatttcctctccgcccgtgcattcatctaggggcaatttaaaaaagatggctaagcaagattattacgagattttaggcgtttccaaaacagcggaagagcgtgaaatcagaaaggcctacaaacgcctggccatgaaatac,0.43,254,Yes,
28,NPdnaJ,Promoter,mutant library,Natural,dnaJ,b0015,nonessential,['32'],dnaJ_m,dnaJ_m,dnaJ_m.csv,dnaJ_m.csv,20200830,,,,Yes,
29,NPdnaK,Promoter,wild type,Natural,dnaK,b0014,nonessential,['32'],dnaK,dnaK,dnaK.csv,dnaK.csv,20201030,tttatggtcgtttgcctgcgccgtgcagcacagcatcaggctaatcgccaggctggcggaaatcgtaaaaacggatttcataaggattctcttagtgggaagaggtagggggatgaatacccactagtttactgctgataaagagaagattcaggcacgtaatcttttctttttattacaattttttgatgaatgccttggctgcgattcattctttatatgaataaaattgctgtcaattttacgtcttgtcctgccatatcgcgaaatttctgcgcaaaagcacaaaaaatttttgcatctcccccttgatgacgtggtttacgaccccatttagtagtcaaccgcagtgagtgagtctgcaaaaaaatgaaattgggcagttgaaaccagacgtttcgcccctattacagactcacaaccacatgatgaccgaatatatagtggagacgtttagatgggtaaaataattggtatcgacctgggtactaccaactcttgtgtagcgattatggatggcacc,0.42,523,Yes,
30,NPdnaK,Promoter,mutant library,Natural,dnaK,b0014,nonessential,['32'],dnaK_m,dnaK_m,dnaK_m.csv,dnaK_m.csv,20201030,,,,Yes,
31,NPfabZ,Promoter,wild type,Natural,fabZ,b0180,essential,['24'],fabZ,fabZ,fabZ.csv,fabZ.csv,20201030,aaccgctgcactggtgatgaacattgatgacatgagcaagcgtctgaaatcgcttgagcgcaaggttaatcaacaagactaacgttccatcttttgttcgccaaactttacggcctgtctcattcttacgattgcggcaggccgtgttattattgtcgtttcttatattttgacaggaagagtatcttgactactaacactcatactctgcagattgaagagattttagaacttctgccgcaccgtttcccgttcttactggtggatcgcgtgctggattttg,0.44,283,Yes,
32,NPfabZ,Promoter,mutant library,Natural,fabZ,b0180,essential,['24'],fabZ_m,fabZ_m,fabZ_m.csv,fabZ_m.csv,20201030,,,,Yes,
33,NPfhuA,Promoter,wild type,Natural,fhuA,b0150,nonessential,['70'],fhuA,fhuA,fhuA.csv,fhuA.csv,20200830,gcaacagcaacctgctcagcaagagcagaaagacagcgacggtgtagccggttggatcaaggatatgtttggtagtaattaacatctaagcgtgaaataccggatggcgagttgccatccggtaaaataacatcccatctaagatattaaccctttcttttcatctggttgtttattaacccttcaggaacgctcagattgcgtaccgcttgcgaacccgccagcgtttcgaatattatcttatctttataataatcattctcgtttacgttatcattcactttacatcagagatataccaatggcgcgttccaaaactgctcagccaaaacactcactgcgtaaaatcgcagttgtagtagccacagcggttagcggcatgtctgtttatgc,0.44,393,Yes,fhuAp
34,NPfhuA,Promoter,mutant library,Natural,fhuA,b0150,nonessential,['70'],fhuA_m,fhuA_m,fhuA_m.csv,fhuA_m.csv,20200830,,,,Yes,
35,NPfolA,Promoter,wild type,Natural,folA,b0048,essential,['70'],folA,folA,folA.csv,folA.csv,20201030,gcagggaaccgaagaaggtaaacataccggcaacatggcggatgaaccggaaacgaaaccctcatcctaataaagagtgacgtaaatcacactttacagctaactgtttgtttttgtttcattgtaatgcggcgagtccagggagagagcgtggactcgccagcagaatataaaattttcctcaacatcatcctcgcaccagtcgacgacggtttacgctttacgtatagtggcgacaattttttttatcgggaaatctcaatgatcagtctgattgcggcgttagcggtagatcgcgttatcggcatggaaaacgccatgccgtggaacctgcctgccgatctcgcctggttta,0.48,355,Yes,folAp
36,NPfolA,Promoter,mutant library,Natural,folA,b0048,essential,['70'],folA_m,folA_m,folA_m.csv,folA_m.csv,20201030,,,,Yes,
37,NPfrr,Promoter,wild type,Natural,frr,b0172,essential,['70'],frr,frr,frr.csv,frr.csv,20201030,tatgaacaaaccgggtgcgctgcgccgtgtggtaatgggtgaaaaagaagggactttaatcacggaataattcccgtgatggataaataagggtaagattccgcgtaagtatcgcgggggcgtaagtctggttataaggcgttattgttgcaggcagtttggtcacggccagcgcgcagcaaccggagcgtacaaaagtacgtgaggatggcgagcactgcccggggccaaaatggcaaataaaatagcctaataatccagacgattacccgtaatatgtttaatcagggctatacttagcacacttccactgtgtgtgactgtctggtctgactgagacaagttttcaaggattcgtaacgtgattagcgatatcagaaaagatgctgaagtacgcatggacaaatgcgtagaagcgttcaaaacccaaatcagcaaaatacgcacgggtc,0.47,452,Yes,frrp
38,NPfrr,Promoter,mutant library,Natural,frr,b0172,essential,['70'],frr_m,frr_m,frr_m.csv,frr_m.csv,20201030,,,,Yes,
39,NPftsK,Promoter,wild type,Natural,ftsK,b0890,nonessential,['70'],ftsK,ftsK,ftsK.csv,ftsK.csv,20200729,gcgtcaatgacacacggacatacgttgttatggaagaagtcaagcagagtaatcgtctggttattaagacgcgctaacacggaacaggtgcaaaatcggcgtattttgattacactcctgttaatccatacagcaacagtactggggtaacctggtactgttgtccgttttagcatcgggcaggaaaagcctgtaacctggagagcctttcttgagccaggaatacattgaagacaaagaagtcacattgacaaagttaagtagcggccgccgccttctggaggcgttgctgat,0.47,294,Yes,ftsKp1@ftsKp2
40,NPftsK,Promoter,mutant library,Natural,ftsK,b0890,nonessential,['70'],ftsK_m,ftsK_m,ftsK_m.csv,ftsK_m.csv,20200729,,,,Yes,
41,NPgmk,Promoter,wild type,Natural,gmk,b3648,essential,['70'],gmk,gmk,gmk.csv,gmk.csv,20200830,agaccgcccacacagatgattgccagcacaagatacctattaatatcgccatccatactttcatcatcacctccgctgtagatagtcaggcagatatacaacgtgatgaaagcaaagccgagtggcaaaaacggagtctgcgaggacgcttcctgaaaatcgtctttattgcagtgaatgacaggcaaatgcggaagcagctacgcaaaacgcaacaactttgcgcaaaaagtgtgagcaagggctacgtcacatggccgcgccgtgtataataagctcgtatgtaggctttatttcgctaatcacatacgaaagatactcatggctcaaggcacgctttatattgtttctgcccccagtggcgcgggtaaatccagcctga,0.48,382,Yes,gmkp
42,NPgmk,Promoter,mutant library,Natural,gmk,b3648,essential,['70'],gmk_m,gmk_m,gmk_m.csv,gmk_m.csv,20200830,,,,Yes,
43,NPgsk,Promoter,wild type,Natural,gsk,b0477,nonessential,['Unspecified'],gsk,gsk,gsk.csv,gsk.csv,20201030,cggtaaatccggctgaagagtattcacaacggtcttcatttcagcagaaataaggtccagaacaggtagtttgttttccggcttcatacaaaaactcctttcaaattacgtcattgtaaggaaccactgccatgaaaatgcgatcccgcctgctgatattgaaactggctgcgtctcgcgcgctcccgtcagattgtgttaacattcgccgctcagttaaccacccgtaaaaacaaccatgaaatttcccggtaaacgtaaatccaaacattacttccccgtaaacgcacgcgatccgctgcttcagcaattccagccagaaaacgaaaccagcgctg,0.47,338,Yes,
44,NPgsk,Promoter,mutant library,Natural,gsk,b0477,nonessential,['Unspecified'],gsk_m,gsk_m,gsk_m.csv,gsk_m.csv,20201030,,,,Yes,
45,NPguaC,Promoter,wild type,Natural,guaC,b0104,nonessential,['Unspecified'],guaC,guaC,guaC.csv,guaC.csv,20200729,agcaaacgcattggcaacggtactcttgccactgccaatgcctcccgttaaggcaactatatacctcataatttatattcccgggaattcatcatgattatcaaaacgttaaaaatgagtgcacgaaagcgaaattgatgaaacgttcgctcactatttaccaggtaaatttatgggattgtagcgtaaaaaaagacaatttcgcagtcttgcgccgcattgattagtgcgtatgatagcgtcactggagttgcgctcttacccttatagccattaaccccaggaatccgcacatgcgtattgaagaagatctgaagttaggttttaaagacgttctcatccgccctaaacgctccactcttaaaagccgttccgatgttgaac,0.43,384,Yes,
46,NPguaC,Promoter,mutant library,Natural,guaC,b0104,nonessential,['Unspecified'],guaC_m,guaC_m,guaC_m.csv,guaC_m.csv,20200729,,,,Yes,
47,NPhemH,Promoter,wild type,Natural,hemH,b0475,essential,['70'],hemH,hemH,hemH.csv,hemH.csv,20200830,caaagaagcagaagcgggtaataccaaatacgcgaaagttgacggcaccaagccggttgctgaagttcgcgctgatctggaaaaaatcctcggctaattcgaaagcgcgcacggacagtcccctcgccccctcggggagagggttagggtgaggggaacaggcccgcacaagcaaacttatcagcaatctcaggccggatattcattcggccttttacaaaaacctcaatctgcgctattcctttttctgatttgacctctcacagcaattagttcttcttcctcacttttccgctacaattatcaacaagttgaatcgataagaggcggtaatgcgtcagactaaaaccggtatcctgctggcaaacctgggtacgcccgatgcccccacacctgaagcggta,0.51,404,Yes,hemHp
48,NPhemH,Promoter,mutant library,Natural,hemH,b0475,essential,['70'],hemH_m,hemH_m,hemH_m.csv,hemH_m.csv,20200830,,,,Yes,
49,NPhupA,Promoter,wild type,Natural,hupA,b4000,nonessential,['Unspecified'],hupA,hupA,hupA.csv,hupA.csv,20200729,gctgagtgcgaagaacgcgatatcgagctgataaaaggccttagggcagacctgcgtgaggcgggtgagagcaatattggtataatttttcagcaataagaccagaaaacgtgatttaacgcctgatttgtcgtacctggagtcttccctttcgccccccgtctggtctacatttggggggcgaaaaaaagtggctatcggtgcgtgtatgcaggagagtgctattctggcatttccgtcgcactcgatgcttagcaagcgataaacacattgtaaggataacttatgaacaagactcaactgattgatgtaattgcagagaaagcagaactgtccaaaacccaggctaaagctgctct,0.47,359,Yes,
50,NPhupA,Promoter,mutant library,Natural,hupA,b4000,nonessential,['Unspecified'],hupA_m,hupA_m,hupA_m.csv,hupA_m.csv,20200729,,,,Yes,
51,NPkatE,Promoter,wild type,Natural,katE,b1732,nonessential,['S'],katE,katE,katE.csv,katE.csv,20201113,cgtgcgtgggacatagctaataatctggcggttttgctggcggagcggtttcttcattactggcttcactaaacgcatattaaaaatcagaaaaactgtagtttagccgatttagcccctgtacgtcccgctttgcgtgtatttcataacaccgtttccagaatagtctccgaagcgggatctggctggtggtctatagttagagagttttttgaccaaaacagcggccctttcagtaataaattaaggagacgagttcaatgtcgcaacataacgaaaagaacccacatcagcaccagtcaccactacacgattccagcgaagcgaaa,0.45,329,Yes,
52,NPkatE,Promoter,mutant library,Natural,katE,b1732,nonessential,['S'],katE_m,katE_m,katE_m.csv,katE_m.csv,20201113,,,,Yes,
53,NPlacZ,Promoter,wild type,Natural,lacZ,b0344,nonessential,['70'],lacZ,lacZ,lacZ.csv,lacZ.csv,20200729,cacgacaggtttcccgactggaaagcgggcagtgagcgcaacgcaattaatgtgagttagctcactcattaggcaccccaggctttacactttatgcttccggctcgtatgttgtgtggaattgtgagcggataacaatttcacacaggaaacagctatgaccatgattacggattcactggccgtcgttttacaacgtcgtgactgggaaaaccctggcgttacccaacttaatcgccttgcagcaca,0.49,249,Yes,lacZp1
54,NPlacZ,Promoter,mutant library,Natural,lacZ,b0344,nonessential,['70'],lacZ_m,lacZ_m,lacZ_m.csv,lacZ_m.csv,20200729,,,,Yes,
55,NPlolC,Promoter,wild type,Natural,lolC,b1116,essential,['Unspecified'],lolC,lolC,lolC.csv,lolC.csv,20201030,ggtcagatgcggataaaaggtaatgaccgagtgataaatcaccaccagacaaatacataaccctttgatctggttaatccatagctctttttgtttcatcaggacaacacgctcttttttaatttacatgcggttgatcctgcgggttatgacccgaggtgtaatgggtatctgtctgtattggatgatttttcagattaagatcaggcggcaagattgatgataaaacatggcaatttagccgattgatttacgggggcttttcagattagccctgacgatcacttacagttcagacgtttacccatcttgctttcgcttatatactcgtgtctttgctacagcaaccagacggatttcatgtaccaacctgtcgctctatttattggcctgcgttacatgcgtgggcgtgcagcggatcgcttcggtcgtttcgtctcc,0.44,441,Yes,
56,NPlolC,Promoter,mutant library,Natural,lolC,b1116,essential,['Unspecified'],lolC_m,lolC_m,lolC_m.csv,lolC_m.csv,20201030,,,,Yes,
57,NPlpxC,Promoter,wild type,Natural,lpxC,b0096,essential,['70'],lpxC,lpxC,lpxC.csv,lpxC.csv,20201113,agccggttgctaaagtcgtgaatgacaatgcgccgcaaactgcgaaagagccggattatctggatatcccagcattcctgcgtaagcaagctgattaagaattgactggaatttgggtttcgaggctctttgtgctaaactggcccgccgaatgtatagtacacttcggttggataggtaatttggcgagataatacgatgatcaaacaaaggacacttaaacgtatcgttcaggcgacgggtgtcggtttacataccggcaagaaagtcaccctgacgttacgccct,0.48,288,Yes,lpxCp1@mraZp
58,NPlpxC,Promoter,mutant library,Natural,lpxC,b0096,essential,['70'],lpxC_m,lpxC_m,lpxC_m.csv,lpxC_m.csv,20201030,,,,Yes,
59,NPmetG,Promoter,wild type,Natural,metG,b2114,essential,['70'],metG,metG,metG.csv,metG.csv,20200729,cgcaaggcttctggtgatttggcctgggattgttcgttcatcccgactccttttttgtatagataaaccatcagctgatagtttacctgaagaatatagagaagtacttacttaacattttcccatttggtactatctaaccccttttcactattaagaagtaatgcctactatgactcaagtcgcgaagaaaattctggtgacgtgcgcactgccgtacgctaacggctcaatccacctcggccata,0.43,248,Yes,metGp@metGp2
60,NPmetG,Promoter,mutant library,Natural,metG,b2114,essential,['70'],metG_m,metG_m,metG_m.csv,metG_m.csv,20200729,,,,Yes,
61,NPmoaA,Promoter,wild type,Natural,moaA,b0781,nonessential,['Unspecified'],moaA,moaA,moaA.csv,moaA.csv,20200830,atgagagaacgcgtcccagtccatgccctccgccgagagcaacgacacgatcaagatcagccagcgtacgattgcgcatatagtttcctggagtcagattatccgcgctacagtagcgcaaattgcggggaaacagcaattaacctgccaatattgaggatacaaactattttcttctacctctaaaggacgatgcacgctatgcctccctgatgatgtatatcaaagtaaaaccgccattttcccttattctgtagcgaaatagcacgatcatgacgctatatacatgattacatagcgaaagtgtggatggtaaaaatctcatttacacgctagtatcggcataaccactaaacactctagcctctgcacctgggtcaactgatacggtgctttggccgtgacaatgctcgtaaagattgccaccagggcgaaggaagaaatgacttcgcctcccgtatctggaaaggtgtacatggcttcacaactgactgatgcatttgcgcgtaagttttactacttgcgcctgtcgattaccgatgtgtgtaactttcgttgcacctactgcctgcc,0.47,573,Yes,cmkp
62,NPmoaA,Promoter,mutant library,Natural,moaA,b0781,nonessential,['Unspecified'],moaA_m,moaA_m,moaA_m.csv,moaA_m.csv,20200830,,,,Yes,
63,NPmviN,Promoter,wild type,Natural,mviN,b1069,essential,['Unspecified'],mviN,mviN,mviN.csv,mviN.csv,20200729,agacagttccgcaaaccgccggcgaacaggccgtgctggcgcaacgtatcgttgacaagatctggcgcgatgcgatgagtgaataaaccctgtaacatctggcggtagcaattcaccataatccaggtagactattcgcctctttcagcgcctgccttgcaggcgttttgcccgtgggtctggattagaacaccgatgaatttattaaaatcgctggccgccgtcagctcgatgaccatgttttcgcgtgtgcttggcttcgcacgagacgcaattgtcg,0.54,280,Yes,
64,NPmviN,Promoter,mutant library,Natural,mviN,b1069,essential,['Unspecified'],mviN_m,mviN_m,mviN_m.csv,mviN_m.csv,20200729,,,,Yes,
65,NPnfo,Promoter,wild type,Natural,nfo,b2159,nonessential,['70'],nfo,nfo,nfo.csv,nfo.csv,20201030,ctctgctgatggcactggtactgtttgcctggctgattgttggtggtggtgcgattaactatgtgattcaaagcgtcatcgcataaaccactacatcttgctcctgttaacccgctatcattaccgttttcctccagcgggtttaacaggagtcctcgcatgaaatacattggagcgcacgttagtgctgctggcggtctggcaaatgccgcaattcgcgccgccgaaatcgacgcaaccgcgtttgccttgttcacc,0.52,258,Yes,nfop
66,NPnfo,Promoter,mutant library,Natural,nfo,b2159,nonessential,['70'],nfo_m,nfo_m,nfo_m.csv,nfo_m.csv,20201030,,,,Yes,
67,NPpepN,Promoter,wild type,Natural,pepN,b0932,nonessential,['Unspecified'],pepN,pepN,pepN.csv,pepN.csv,20201030,aaacacggcttgctgcatatgcaacttataagcatctgtatccagcaacgagtgcagaacaggagaagcgaattgtgtcataggtgcgcagtagcgtcctcgtacaggagcgtttagtacaataaacatcttcaggaactgctggagtataccttgtttcgcaatttattgaaccccgatcacaccatatgccacctttctggtcgatggcattacgcggtgtatgttataaaaatgtagcaataaaggcgtttgtacctgaaaagatgaagattctgcatagcgcgatttacgcaacaggaatagactgaacaccagactctataaaagatgctaaaggttatttatgactcaacagccacaagccaaataccgtcacgattatcgtgcgccggattaccagattactgatattgacttgacctttgacctcgacgc,0.44,438,Yes,
68,NPpepN,Promoter,mutant library,Natural,pepN,b0932,nonessential,['Unspecified'],pepN_m,pepN_m,pepN_m.csv,pepN_m.csv,20201030,,,,Yes,
69,NPpitA,Promoter,wild type,Natural,pitA,b3493,nonessential,['Unspecified'],pitA,pitA,pitA.csv,pitA.csv,20201030,atcgatcagcagaacccggcgtcctgcctgacctgccagcgcagaacagaacatacccgccgcaccagcgcctataataatggcatcaaacctttccacgttgcgctcctcttagaaaaaacgggcgtgaattgtaaagattcctcagtggtcgcaccagcatcaatattactaaaaggaagtatttgcctgaattatataagataattattttttgagtgaaatccatacagggggcaaatcaaaaaaagtctatatttcactttgcccgcgccgcgaaagtcactgataatgcgccgcgttcatgtcctcaaaatggcgtaacgtcctatgctacatttgtttgctggcctggatttgcataccgggctgttattattgcttgcactggcttttgtgc,0.46,400,Yes,
70,NPpitA,Promoter,mutant library,Natural,pitA,b3493,nonessential,['Unspecified'],pitA_m,pitA_m,pitA_m.csv,pitA_m.csv,20201030,,,,Yes,
71,NPrcsA,Promoter,wild type,Natural,rcsA,b1951,nonessential,['70'],rcsA,rcsA,rcsA.csv,rcsA.csv,20200830,ctggcgttaccgctcattactctgctgctgacactgaatctggcattaggtttacttaatcgtatggccccgcaattatccatttttgttattggatttccattaactctgactgtcggcatctctttaatggcggcattaatgccgttaattgcacctttttgcgaacatttattcagtgaaatttttaatttgctggctgatattattagtgaattgccattaatataattccgtaacgtttatcatgttatcctaaggattatccgaaaaataatacctacgaacatcttccaggatactcctgcagcgaaatatttgttttaagctcactcacatatcgcaacatttactttactttaagacaattccaggcaaattatacaacactttacgggatagtaagtccgcctgaaaaatcgcgagagtggcgcattaggtgacccatgttgttccgtttagtcatgatgaaatattcaggtaaggggaattatcgttacgcattgagtgagggtatgccatgtcaacgattattatggatttatgtagttacacccgactaggtttaaccgggtatctgttgagtagaggggttaaaaaaagagaaatcaacgacattgaaaccgttgatgaccttgccatagcttgtgattcacagcgcccttcag,0.39,668,Yes,rcsAp
72,NPrcsA,Promoter,mutant library,Natural,rcsA,b1951,nonessential,['70'],rcsA_m,rcsA_m,rcsA_m.csv,rcsA_m.csv,20200830,,,,Yes,
73,NPrimJ,Promoter,wild type,Natural,rimJ,b1066,nonessential,['Unspecified'],rimJ,rimJ,rimJ.csv,rimJ.csv,20201030,gcacgaccagcatattatcgatgagcaggaaatatttacccaggttcctcgcctgcgacacgcgggacatttcccctcccgggaaataaaagatgagcactttctattctgcattgccgctaagacttttcccatcacttcggggacaatatttttttatcaaaacgtcgctttgatagagagtttttatcaaatatgtgaataatgcagaaaatggcattttggacttttcacagggtctggttgcgcaggtatagtaatacttacagcgtattaaagacgttacgggaaggagtaggtatagaatgtttggctatcgcagtaacgtgccaaaagtgcgcttaaccacagaccgactggtcgtgcgtctggt,0.44,373,Yes,
74,NPrimJ,Promoter,mutant library,Natural,rimJ,b1066,nonessential,['Unspecified'],rimJ_m,rimJ_m,rimJ_m.csv,rimJ_m.csv,20201030,,,,Yes,
75,NPrluC,Promoter,wild type,Natural,rluC,b1086,nonessential,['Unspecified'],rluC,rluC,rluC.csv,rluC.csv,20201030,cggaaacggcctcattattccactgcaagccttgttatagcaagatgacttttaccatttatcacccgcttactcacagttttttcacttcttgctggtgattggtttaataaccatcaataaagtgatcacgcagtgaagtaataaggtgcaaaagtaaatataagcatagaaaaatgagtggcgcgaatcctgttggctaattagaatcgccaaccatgaaaacagagactccatccgtaaaaattgttgctatcaccgctgacgaagcggggcaacgtatcgata,0.41,288,Yes,
76,NPrluC,Promoter,mutant library,Natural,rluC,b1086,nonessential,['Unspecified'],rluC_m,rluC_m,rluC_m.csv,rluC_m.csv,20201030,,,,Yes,
77,NPrpmE,Promoter,wild type,Natural,rpmE,b3936,nonessential,['32'],rpmE,rpmE,rpmE.csv,rpmE.csv,20200830,aaccgtcatgccttctggcagcagatagtcaaaggtacgaggaagcggaacgggcaaggcaacgtgggcaacgggcatagcatcatcctgacttgaaattcggtgggttagtatacacattgccgtagaagagtgcggatcagtttgcatacgctggttaatttctgtatgatttcgcgccttcgtacgaaatgatcgtattgaagctatacttttaacatcgcgtggtgtctggcgttagggctggaagagcgacgcggccttaaaccgaggttttcccatgaaaaaagatattcacccgaaatacgaagaaattactgctagctgctcttgcggtaacgtaatgaaaatccgctccaccgtt,0.48,364,Yes,
78,NPrpmE,Promoter,mutant library,Natural,rpmE,b3936,nonessential,['32'],rpmE_m,rpmE_m,rpmE_m.csv,rpmE_m.csv,20200830,,,,Yes,
79,NPrpsA,Promoter,wild type,Natural,rpsA,b0911,essential,['70'],rpsA,rpsA,rpsA.csv,rpsA.csv,20201113,ggcagccgatgctttagtgttggattccaccaccttaagcattgagcaagtgattgaaaaagcgctacaatacgcgcgccagaaattggctctcgcataagcgaccgaatttgcagtacccccgttgcaatggaatgacagcgggtatgttaaacaaccccatccggcatggagccaggtggacgttaaatataaacctgaagattaaacatgactgaatcttttgctcaactctttgaagagtccttaaaagaaatcgaaacccgcccgggttctatcgttcgtggcgttgtt,0.47,294,Yes,rpsAp1@rpsAp3
80,NPrpsA,Promoter,mutant library,Natural,rpsA,b0911,essential,['70'],rpsA_m,rpsA_m,rpsA_m.csv,rpsA_m.csv,20201030,,,,Yes,
81,NPsanA,Promoter,wild type,Natural,sanA,b2144,nonessential,['Unspecified'],sanA,sanA,sanA.csv,sanA.csv,20200729,atgcgccgttgattcagtgggatgccacctccgcaacgctgaaagctctcggctgtcacagtatcgaccgagtgcttctcgcttaagcctggtgccggatgcggcgtgaacgccttgtccggcttgccagccctctcctggtgtcgaaattcccggcaaacagtttgccgtttcttgcgcaaaaccagcgggtaaagtagcctgatggaaattttccttagatcgagtctcctgcatgttaaagcgcgtgttcctcagcctgttagtcctgatcggcttgctgctgttgactgtgctcggcct,0.56,303,Yes,
82,NPsanA,Promoter,mutant library,Natural,sanA,b2144,nonessential,['Unspecified'],sanA_m,sanA_m,sanA_m.csv,sanA_m.csv,20200729,,,,Yes,
83,NPserB,Promoter,wild type,Natural,serB,b4388,nonessential,['Unspecified'],serB,serB,serB.csv,serB.csv,20201030,ctgcatcagcgccactaacaaggcaagacagaacaggacaatcactgcccgatgcagccggaatttcagttttgtgcgagccatcttccaccctttgaaaatttgagacttaatgttgccagaagcaatggatacaaggtagcctcatgcgttattttccctgcttcgaacgattttacaggagccttaatgcctaacattacctggtgcgacctgcctgaagatgtctctttatggccgggtctgcctctttcattaagtggtgatgaagtgatgcca,0.47,279,Yes,
84,NPserB,Promoter,mutant library,Natural,serB,b4388,nonessential,['Unspecified'],serB_m,serB_m,serB_m.csv,serB_m.csv,20201030,,,,Yes,
85,NPskp,Promoter,wild type,Natural,skp,b0178,essential,['24'],skp,skp,skp.csv,skp.csv,20200830,tgttctcctacgcccagccgttcaaaaagtacgatggagacaaggcagaacagttccagtttaacatcggtaaaacctggtaagtgttctccacaaaggaatgtagtggtagtgtagcgatgactttaggcgatcaatataagatcgccgggccacgcaaagaactgcaccctccggtgcaaatgggatggtaaggagtttattgtgaaaaagtggttattagctgcaggtctcggtttagcactggcaacttctgctcaggcggctgacaaaattgcaatcgtcaacatgggca,0.47,295,Yes,
86,NPskp,Promoter,mutant library,Natural,skp,b0178,essential,['24'],skp_m,skp_m,skp_m.csv,skp_m.csv,20200830,,,,Yes,
87,NPsppA,Promoter,wild type,Natural,sppA,b1766,nonessential,['Unspecified'],sppA,sppA,sppA.csv,sppA.csv,20201030,agttgttcacccgttggcgcgggttcagccaagcgggaggcgctacggcgattgatcaatagttcgagtgcatccatttgattaactcctgtcgtgatatttattcacaaaattaacacgagagtggattttgttacagcacagtccgcaattcctgctgacaagtaccggttgggtcattacgataaccacatctattgcgcctgtgacaggtgtgaccttaagttgggagaatacatgcgaaccctttggcgatttattgccggattttttaaatggacgtggcgtctgctgaatttcgtccgtg,0.47,307,Yes,
88,NPsppA,Promoter,mutant library,Natural,sppA,b1766,nonessential,['Unspecified'],sppA_m,sppA_m,sppA_m.csv,sppA_m.csv,20201030,,,,Yes,
89,NPtatE,Promoter,wild type,Natural,tatE,b0627,nonessential,['Unspecified'],tatE,tatE,tatE.csv,tatE.csv,20201030,gaacgtgtgcgtcaggtgcgcgcgcaactgcccgtcttaaacaaccgtcgctttgcgccgccgcaattattatgatgtttttttactcggcgcttgattcaccttgttacagattgctattgtgtgcgcgcgtcgaatgaccgttaatattctctggtttttaaggcgcgttctgttgccggttatatgtcaagaaggtatctatgggtgagattagtattaccaaactgctggtagttgcggcgctggtcgttctgctgtttgggactaagaagttacgtacgctgggcggagacctt,0.49,299,Yes,
90,NPtatE,Promoter,mutant library,Natural,tatE,b0627,nonessential,['Unspecified'],tatE_m,tatE_m,tatE_m.csv,tatE_m.csv,20201030,,,,Yes,
91,NPtilS,Promoter,wild type,Natural,tilS,b0188,essential,['Unspecified'],tilS,tilS,tilS.csv,tilS.csv,20200729,ccatccgtgtcgatccatacacgcaaaaacgcttcaccttctttaacgatccggacgggctgccgttggaactgtatgagcagtaaggcttgtcatcgccgcatttgcccggtaacgtgccgggcattgctactgtaaaatcgcaccatcatgacactcacgctcaatagacaacttctcacctcacgccagattctggtggcctttagcggcgggcttgactccaccgttctgctgc,0.54,238,Yes,
92,NPtilS,Promoter,mutant library,Natural,tilS,b0188,essential,['Unspecified'],tilS_m,tilS_m,tilS_m.csv,tilS_m.csv,20200729,,,,Yes,
93,NPtonB,Promoter,wild type,Natural,tonB,b1252,nonessential,['70'],tonB,tonB,tonB.csv,tonB.csv,20201030,cgggcacaactccttgttcgggaaagttgtaaagtacgttatttgaaagggcgaagatctgcaacggaaagatgatgtctttgttaaggccatgcataaagtaagggtaattacgccaaaaatgacattttcactgatcctgatcgtcttgccttattgaatatgattgctatttgcatttaaaatcgagacctggtttttctactgaaatgattatgacttcaatgacccttgatttacctcgccgcttcccctggccgacgttactttcggtctgcattcatggtgctgttgtggc,0.42,298,Yes,tonBp
94,NPtonB,Promoter,mutant library,Natural,tonB,b1252,nonessential,['70'],tonB_m,tonB_m,tonB_m.csv,tonB_m.csv,20201030,,,,Yes,
95,NPycaK,Promoter,wild type,Natural,ycaK,b0901,nonessential,['Unspecified'],ycaK,ycaK,ycaK.csv,ycaK.csv,20201030,agcctaactcatcgcccgctgcacgaaagctttgattacgggccacggcaaagaaagtggcaaagtcagacatattcatccgcattagtgaaaatccttcattaactcatcctgaatcatcacgtttacaggattatgccgcctgcgtaaagtgcgctccagaacttaacgtggaggtaaaattatgcagtctgaacgtatttatttggtatgggcccatcctcgtcatgattcattgaccgcacatattgctgatgcgatccatc,0.45,266,Yes,
96,NPycaK,Promoter,mutant library,Natural,ycaK,b0901,nonessential,['Unspecified'],ycaK_m,ycaK_m,ycaK_m.csv,ycaK_m.csv,20201030,,,,Yes,
97,NPycjM,Promoter,wild type,Natural,ycjM,b1309,nonessential,['Unspecified'],ycjM,ycjM,ycjM.csv,ycjM.csv,20201030,gggcaagcaaaagagatccttagcgagatgggatatacccacgttgagaacgccggtggcctgaaagacatcgcaatgccgaaggtcaaaggttaaaagaattcaccatgagcggcgcttatgcgccgtttttttttctgtcacaccttatttacatccccatagattatttgcgtcagctcacaaatacgctttttccctggtaaaaaatgatttcctgcgtgactaaaacccttgtgctcaattgacagtttattttctgcggagtagtctctcgtttcatgggaccgctaccacggaaaggcaacatgaaacagaaaattacggattacctggacgaaatctacggtgg,0.45,352,Yes,
98,NPycjM,Promoter,mutant library,Natural,ycjM,b1309,nonessential,['Unspecified'],ycjM_m,ycjM_m,ycjM_m.csv,ycjM_m.csv,20201030,,,,Yes,
99,NPyfjP,Promoter,wild type,Natural,yfjP,b2632,nonessential,['Unspecified'],yfjP,yfjP,yfjP.csv,yfjP.csv,20201030,aaccgcttcgttacgctggaaatgaaatatggccggatcatgctggatacggccaaaattattgatgagcaggacgttccgacacatatcctgagcaaactgacttttactttacgtaatcatcctgagtacctagaagcctctgttttgtctcccgatgatgtacgccaagtcctgtcaatggatttttgaaactcttctttctaaacgaaccagtatagaattcgcccttttggcatgatattaacttgtccaatatgatcaaatagcattaaccccccctcacaacgtcctgcatagggaacacgttttcccctgtgcacccacgactaaatttccccccctttaaacttctcaataatgtcaccaattttctggaaatcctatgatgcctttcccggtaaatggtgctgtgagttcagaaagattctgcaatctatgtgcattgaaaaaatcttcagatagatatcattctcctgaacaatccgatgaacggcagaacctcgcggttctgccgtttttgttttacttttcagaggagtggtgatgaaaaattttgaagttctgcagccactacagaactccctttccggtctaccgctatgggtatctgaacgtatattgcagcagataaatcagttaacccactacgagccagtgatcggcatcatgggt,0.43,675,Yes,
100,NPyfjP,Promoter,mutant library,Natural,yfjP,b2632,nonessential,['Unspecified'],yfjP_m,yfjP_m,yfjP_m.csv,yfjP_m.csv,20201030,,,,Yes,
101,NPyhaH,Promoter,wild type,Natural,yhaH,b3103,nonessential,['Unspecified'],yhaH,yhaH,yhaH.csv,yhaH.csv,20201030,ttccgcagccataagaccatcaaccctacggggattatttcaattggtccgtggcaggatctcgatgaaccgcatggacgagatgttcgcttcggttaaaaaaaggcaccttacgaggtgcctctgataattagctaagtgcatgttgttcatgtcggatgtggcatgaacgccttatctgacatacaaaacattgtacattcaatagattgcataacccgcgcagaccagataagcgtagcgcatctggcgattttgcgcttgtcatcagtcttagcgcgccttcacggcactttattaattccttgaacgaatatttactgccatttcattcacgtctattcttaatttgctgctttaaaaacaagtgattgagcaaaattgaggcaaaaatggactggtatctgaaagtactaaaaaattatgtcggtttccggggtcgtgcgcggcgcaaagagtactgg,0.44,464,Yes,
102,NPyhaH,Promoter,mutant library,Natural,yhaH,b3103,nonessential,['Unspecified'],yhaH_m,yhaH_m,yhaH_m.csv,yhaH_m.csv,20201030,,,,Yes,
103,NPyidC,Promoter,wild type,Natural,yidC,b3705,essential,['Unspecified'],yidC,yidC,yidC.csv,yidC.csv,20201030,ccgacctcgataaccgtgctctctcggaagcgttggaaaaattatggcgccgccactgtcgcctggctcgcgggtcctgatagccctcattcgggtctatcaacgcctgattagtccgctactcgggccgcattgtcgtttcactccaacctgttcaagctacggaattgaggcattgcgcaggtttggagtgataaaaggcagttggttgacggtgaaacgcgtattaaaatgccaccctttacaccctggtggtgacgatcccgtcccgcccggaccatttgataccagagaacactaacgatggattcgcaacgcaatcttttagtcatcgctttgctgttcgtgtctttcatgatctggcaagcctgg,0.53,372,Yes,
104,NPyidC,Promoter,mutant library,Natural,yidC,b3705,essential,['Unspecified'],yidC_m,yidC_m,yidC_m.csv,yidC_m.csv,20201030,,,,Yes,
105,NPyneJ,Promoter,wild type,Natural,yneJ,b1526,nonessential,['Unspecified'],yneJ,yneJ,yneJ.csv,yneJ.csv,20201030,ccgtggcaggatttatcgaaattgcatgagttgccggagtaatggtcatcggggtatctcctttatgagtcatggtatgaagatacgcagatttactcttgctttaaaatgaataatattaagccacttattcacgaatcgagaatgctatggatctgacccaactggagatgttcaacgcggttgccgaagctggcagcataacccaggctgcagcaaaagt,0.44,223,Yes,
106,NPyneJ,Promoter,mutant library,Natural,yneJ,b1526,nonessential,['Unspecified'],yneJ_m,yneJ_m,yneJ_m.csv,yneJ_m.csv,20201030,,,,Yes,
107,NPynfM,Promoter,wild type,Natural,ynfM,b1596,nonessential,['Unspecified'],ynfM,ynfM,ynfM.csv,ynfM.csv,20201201,gaaatattcaggcgggcagcggcgcgcccgaaatgcagctcttccgcaacagcaacaaagtaacgcagatgacgaagttcaatattcatatttaaaacatcttatttgagattattaatatattagacagaacaattcgattttcctaccctatgtataagcctgatctacaggcatatttagcaaggatttcaagtgagccgtactacaactgttgatggcgctccggcaagcgacactgacaagcaaagcatttctcagccaaatcaatttattaaacgcggtacgccg,0.42,291,Yes,
108,NPynfM,Promoter,mutant library,Natural,ynfM,b1596,nonessential,['Unspecified'],ynfM_m,ynfM_m,ynfM_m.csv,ynfM_m.csv,20201030,,,,Yes,
109,NPyodB,Promoter,wild type,Natural,yodB,b1974,nonessential,['Unspecified'],yodB,yodB,yodB.csv,yodB.csv,20201030,atggaaaactggccaacgtattatccatatcagttgagtagcgaagaagtggtcgaggaaatgatgtctcattgagtattctcatgataacgcctcgatgccgctttagtaagttatcataactgccactggtccatccacaaacgccactgaacgcaagctagctacagacacgctcatcactatgacgtgtctgtatattaataagctaacccgcattgagttaaccaataacggattccatacacaatacggccaacagagaaagatacctgtgctcacgccattgcttatattggctggttacaatatgcactatcaattttttaaataacaaattattaaaaccacatctgtataaggaatttttaaggttcgtgggatagcttgactgtgaaaatcacaggagctacaaaaatgaaccgattctcaaaaactcaaatttatttacattggataacgctgcttttcgttgc,0.39,476,Yes,
110,NPyodB,Promoter,mutant library,Natural,yodB,b1974,nonessential,['Unspecified'],yodB_m,yodB_m,yodB_m.csv,yodB_m.csv,20201030,,,,Yes,
111,NPypjD,Promoter,wild type,Natural,ypjD,b2611,nonessential,['Unspecified'],ypjD,ypjD,ypjD.csv,ypjD.csv,20201030,cttcgcgcagcgtatcttttacgttgtcttcagtgaggcgtccacggccactgatattgcgcagcgtgcgcgacaaacgatcggttaaattatcaaacattgtctctcgcctggggtggaaacggttggccgcaatcgcgacacatcatcagtattttgccgcagtataacatgaaggcgtctttgttgttatgcaacggttggagcagcgttcacctgacgctatactgcttctctttcttattgctcaaactgtcgacatcactatgcccgtttttgctctg,0.49,284,Yes,
112,NPypjD,Promoter,mutant library,Natural,ypjD,b2611,nonessential,['Unspecified'],ypjD_m,ypjD_m,ypjD_m.csv,ypjD_m.csv,20201030,,,,Yes,
113,SP1,Promoter,wild type,Synthetic,,,,,SP1,P2c1,SP1.csv,P2c1.csv,20201201,gcctctccatgaggatgtactttgtctcattttccctagatgcgatctccagagttgtcgtttatttcattgggcccttgtgtgattgtttgagcgctctcagctacgatacagggtctttcagtcagttgtttgttgtcttttcaccctactccgagtgttatctgtgcttgtagtgctatattgtgctttccctgtgt,0.45,200,Yes,
114,SP1,Promoter,mutant library,Synthetic,,,,,SP1_m,P2c1_m,SP1_m.csv,P2c1_m.csv,20201201,,,,Yes,
115,SP2,Promoter,wild type,Synthetic,,,,,SP2,P2c3,SP2.csv,P2c3.csv,20201201,gaagggcctcagtgcatatagttgctctgtatggacaaactagagggtagaggctcttatttctgatagtattcctaatattttttcgaatc,0.39,92,Yes,
116,SP2,Promoter,mutant library,Synthetic,,,,,SP2_m,P2c3_m,SP2_m.csv,P2c3_m.csv,20201201,,,,Yes,
117,SP3,Promoter,wild type,Synthetic,,,,,SP3,P2c4,SP3.csv,P2c4.csv,20201201,gatgacattgtgcggagggcatgtcggaccgtacgttgagtttgacgctacatcgttgaaggtttagccatttgtggctacattttccatcagccagttcttgagaaacaactggaggctaacgcaaagatgtgatgacgtccg,0.49,144,Yes,
118,SP3,Promoter,mutant library,Synthetic,,,,,SP3_m,P2c4_m,SP3_m.csv,P2c4_m.csv,20201201,,,,Yes,
119,SP4,Promoter,wild type,Synthetic,,,,,SP4,P2c5,SP4.csv,P2c5.csv,20201201,tatatcttcccggtggtgtcatggaggcccgtcatcatggtgtacgtgcagtatttgctcggtggttttgactagatgtcttctacttgacatgatcctaagtgtccgtactctgtgccgagtagtacgggggaatagcttgaaacaaggttaggctgccactggattctcgtttatgacggctcctgttcagaagac,0.49,198,Yes,
120,SP4,Promoter,mutant library,Synthetic,,,,,SP4_m,P2c5_m,SP4_m.csv,P2c5_m.csv,20201201,,,,Yes,
121,SP5,Promoter,wild type,Synthetic,,,,,SP5,P2c7,SP5.csv,P2c7.csv,20201201,agcccggctacctcgctttttgtggcaatctaacatttgtggttttaatgtggttcaaggggtcgtcaaggggatgctctaggtggtcggtcgtggggacttccgcgctggctattaggtggatagttctcccttggccctttccggcggttgagaggactttcgctggcgccattgcgtgctacgtccactaatcgata,0.55,200,Yes,
122,SP5,Promoter,mutant library,Synthetic,,,,,SP5_m,P2c7_m,SP5_m.csv,P2c7_m.csv,20201201,,,,Yes,
123,SP6,Promoter,wild type,Synthetic,,,,,SP6,P3c1,SP6.csv,P3c1.csv,20201201,agtactgctcgtgtgagtcagtttacatctttttttgggtgctattgttctctttgggtaatagtgtatcttgagatcaacgactgcgcgtt,0.41,92,Yes,
124,SP6,Promoter,mutant library,Synthetic,,,,,SP6_m,P3c1_m,SP6_m.csv,P3c1_m.csv,20201201,,,,Yes,
125,SP7,Promoter,wild type,Synthetic,,,,,SP7,P3c3,SP7.csv,P3c3.csv,20201201,ccacttaggaccttttggtgtgaaatttttattgtaggttgcttgtagccatgttctctatttggtgttatttttattcgcatcaagttgttttaattagacttccagcgtgtcatgactttgagggtcgggtagaggtgcgatttatttctgttcgttctcacctgtccgcacaattgtgtgttaagaattgagtacct,0.4,200,Yes,
126,SP7,Promoter,mutant library,Synthetic,,,,,SP7_m,P3c3_m,SP7_m.csv,P3c3_m.csv,20201201,,,,Yes,
127,SP8,Promoter,wild type,Synthetic,,,,,SP8,P3c4,SP8.csv,P3c4.csv,20201201,ggcagtgtttgacgtgaaggtggtccgggtgtagcttattgtaatatgttttgtttaaacgtgctcgggccttttgcgtcactcaatcagtgctgtaatgctccccggttctggtttttttgcgcgg,0.49,127,Yes,
128,SP8,Promoter,mutant library,Synthetic,,,,,SP8_m,P3c4_m,SP8_m.csv,P3c4_m.csv,20201201,,,,Yes,
129,SP9,Promoter,wild type,Synthetic,,,,,SP9,P3c6,SP9.csv,P3c6.csv,20201201,tggggtggcaaactcgcctgggaggccaatttgagattttggattatatccttcctttcttttctggctaactctcggccccgtgtagatctcgcatgtactagtagaattttttctggttcggatggatacttgtagtatattcctatactccgaagaattcgagctgatgtggtgttctcacctcttctctaaggctc,0.45,200,Yes,
130,SP9,Promoter,mutant library,Synthetic,,,,,SP9_m,P3c6_m,SP9_m.csv,P3c6_m.csv,20201201,,,,Yes,
131,SP10,Promoter,wild type,Synthetic,,,,,SP10,P3c7,SP10.csv,P3c7.csv,20201201,agtactgctccatctgtgaagttttagagcgcaggccagaggcgttattaaatttcattatattctttgtcgtcttcgtgctactataagttttattcgccc,0.4,102,Yes,
132,SP10,Promoter,mutant library,Synthetic,,,,,SP10_m,P3c7_m,SP10_m.csv,P3c7_m.csv,20201201,,,,Yes,
133,SP11,Promoter,wild type,Synthetic,,,,,SP11,c2,SP11.csv,c2.csv,20210306,cctggtttgcccaatctgttgtgtatgtctttttctgagtatcctctaacatagattgttggaggcttccgtggcacgctgagcggttgggggttttcagtgactccttttctcttgctttgtcttacttctggtggggttgccgtccaacgctgttgttctctgtctccaccctgtggcttgagtttttactgggtcct,0.5,200,Yes,
134,SP11,Promoter,mutant library,Synthetic,,,,,SP11_m,c2_m,SP11_m.csv,c2_m.csv,20211026,,,,Yes,
135,SP12,Promoter,wild type,Synthetic,,,,,SP12,c66,SP12.csv,c66.csv,20210306,agtactgctcgtctttgtatgttgactatattagttattgggttaccgtgttttctgtcttttggattccttccgtcggtttgcattg,0.4,88,Yes,
136,SP12,Promoter,mutant library,Synthetic,,,,,SP12_m,c66_m,SP12_m.csv,c66_m.csv,20211026,,,,Yes,
137,SP13,Promoter,wild type,Synthetic,,,,,SP13,c8,SP13.csv,c8.csv,20210306,ttttgagggaaagtacgttttttatgtcggccttattcttagtggttgttgctctgtttattgacgttccaattttatcggtttgtgccttaacgtatgcgctatagatgtttttgagtggaattaattatgggctt,0.36,137,Yes,
138,SP13,Promoter,mutant library,Synthetic,,,,,SP13_m,c8_m,SP13_m.csv,c8_m.csv,20211026,,,,Yes,
139,SP14,Promoter,wild type,Synthetic,,,,,SP14,F5,SP14.csv,F5.csv,20210306,atttgttccctgctgtggtgactgttagtttgtcttccgttatggtctcgtgttaccctcggggttgctatgaaactttcgctgggaag,0.48,89,Yes,
140,SP14,Promoter,mutant library,Synthetic,,,,,SP14_m,F5_m,SP14_m.csv,F5_m.csv,20211026,,,,Yes,
141,SP15,Promoter,wild type,Synthetic,,,,,SP15,cB1,SP15.csv,cB1.csv,20210917,agtactgctctatgaggttcatgacttgaggagtttcttcttagttacgtctagtttgatggctatagtcttattgctggctggtagatgttagccc,0.42,97,Yes,
142,SP15,Promoter,mutant library,Synthetic,,,,,SP15_m,cB1_m,SP15_m.csv,cB1_m.csv,20211026,,,,Yes,
143,SP16,Promoter,wild type,Synthetic,,,,,SP16,cB20,SP16.csv,cB20.csv,20210917,ttgttcactctaggatttcccaactagcttattgttagggtacttgtgctcttcgtttcgagcggcgggtttc,0.47,73,Yes,
144,SP16,Promoter,mutant library,Synthetic,,,,,SP16_m,cB20_m,SP16_m.csv,cB20_m.csv,20211026,,,,Yes,
145,SP0,Promoter,mutant library,Synthetic,,,,,Rand_C,Rand_C,Rand_C.csv,Rand_C.csv,20201113,,,,Yes,
146,Blank,E. coli,,,,,,,MG1655,MG1655,MG1655.csv,MG1655.csv,20200729,,,,Yes,
147,NPnorV,Promoter,wild type,Natural,norV,,,,norV,norV,norV.csv,norV.csv,20201030,ccagcacatcaacggaaaaactcatctttgcctcactgtcaatttgactatagatattgtcatatcgaccatttgattgatagtcattttgactactcattaatgggcataattttatttatagagtaaaaacaatcagataaaaaactggcacgcaatctgcaattagcaagacatctttttagaacacgctgaataaattgaggttgctatgtctattgtggtgaaaaataacattcattgggttggtcaacgtgactgggaagtgcgtgattttcacggcacggaa,0.36,289,,
148,NPnorV,Promoter,mutant library,Natural,norV,,,,norV_m,norV_m,norV_m.csv,norV_m.csv,20201030,,,,,
149,NPthiL,Promoter,wild type,Natural,thiL,,,,thiL,thiL,thiL.csv,thiL.csv,20200729,cgaactggcgaaatcgttcggcgcagaagacagccataagttcgtcaacggcgtactcgataaagcagcacctgtgattcgccctaacaaaaagtgatatccaggccggtagattcacggaagaccgttccatgatcgccggccttttcttttttacctgctgaggcataacgtatggcatgtggcgagttctccctgattgcccgttattttgaccgtgtaagaagttctcgtcttgatgtcgaactgggca,0.5,253,,
150,NPthiL,Promoter,mutant library,Natural,thiL,,,,thiL_m,thiL_m,thiL_m.csv,thiL_m.csv,20200729,,,,,nrdRp